ID,HW1,HW2,HW3,HW4,HW5,HW6,HW7,HW8,mid,final,prof
40027008,40.0,33.0,0.0,35.0,40.0,40,35.0,0.0,2.2,4.93,5
40113901,37.0,33.0,38.0,0.0,40.0,40,40.0,40.0,3.1,8.78,5
40122045,24.0,32.0,40.0,20.0,15.0,40,35.0,18.0,4.3,7.54,5
40122046,0.0,36.0,40.0,40.0,40.0,40,35.0,40.0,0.1,4.709999999999999,5
40122047,0.0,0.0,0.0,0.0,0.0,40,0.0,0.0,1.1,1.5,5
40122048,0.0,0.0,0.0,35.0,35.0,40,0.0,0.0,2.1,4.4,5
40122049,24.0,33.0,40.0,35.0,40.0,40,25.0,34.0,2.6,10.51,5
40122050,40.0,34.5,40.0,35.0,40.0,40,35.0,40.0,5.8,15.245000000000001,5
40122051,40.0,34.5,40.0,30.0,35.0,40,35.0,40.0,4.3,10.945,5
40122052,37.0,36.0,40.0,40.0,0.0,40,35.0,40.0,2.9,11.18,5
40124032,40.0,40.0,40.0,35.0,35.0,40,40.0,40.0,5.7,13.7,5
40124033,0.0,29.0,0.0,0.0,35.0,40,0.0,0.0,4.6,7.9399999999999995,5
40124034,20.0,16.0,40.0,31.0,35.0,40,40.0,40.0,4.4,8.52,5
40124035,0.0,38.0,40.0,40.0,35.0,40,35.0,40.0,3.7,8.879999999999999,5
40124043,33.0,32.5,40.0,0.0,35.0,40,40.0,20.0,4.3,9.204999999999998,5
40124044,20.0,35.0,40.0,34.0,35.0,40,35.0,40.0,2.5,7.1899999999999995,5
40124045,29.0,20.0,0.0,40.0,0.0,40,0.0,0.0,5.2,12.29,5
40124048,40.0,37.5,40.0,40.0,40.0,40,40.0,40.0,3.5,11.575,5
40124050,40.0,33.5,40.0,35.0,40.0,40,40.0,34.0,2.9,10.125,5
40125036,38.0,30.0,0.0,30.0,0.0,40,0.0,0.0,3.4,7.58,5
40125901,30.0,34.0,40.0,35.0,35.0,40,35.0,40.0,3.8,9.39,5
40132009,20.0,38.0,40.0,36.0,30.0,40,40.0,40.0,1.7,6.54,5
40133001,40.0,32.0,40.0,10.0,40.0,40,20.0,15.0,6.0,13.07,5
40133003,40.0,35.0,40.0,36.0,35.0,40,35.0,0.0,4.3,9.91,5
40133006,0.0,35.5,38.0,40.0,35.0,40,25.0,26.0,4.5,7.395,5
40133008,20.0,37.5,40.0,35.0,40.0,40,25.0,40.0,6.2,17.975,5
40133010,38.0,34.0,40.0,35.0,25.0,40,40.0,40.0,2.9,9.12,5
40133013,35.0,34.5,40.0,35.0,35.0,40,25.0,40.0,5.2,10.445,5
40133017,25.0,37.0,40.0,35.0,35.0,40,25.0,40.0,5.8,12.77,5
40133018,25.0,37.0,40.0,35.0,35.0,40,25.0,40.0,4.5,13.07,5
40133020,37.0,38.0,40.0,40.0,35.0,40,25.0,40.0,6.3,12.75,5
40133021,28.0,35.0,40.0,40.0,40.0,40,25.0,26.0,6.1,11.44,5
40133023,25.0,35.0,40.0,35.0,40.0,40,40.0,40.0,0.0,2.95,5
40133024,35.0,33.0,20.0,30.0,40.0,40,25.0,34.0,7.0,14.17,5
40133025,40.0,37.5,40.0,36.0,35.0,40,40.0,40.0,4.4,10.285,5
40133036,25.0,35.0,26.0,0.0,0.0,40,35.0,0.0,5.0,10.61,5
40133042,20.0,33.0,40.0,35.0,35.0,40,35.0,40.0,1.2,5.9799999999999995,5
40133043,40.0,35.5,40.0,31.0,30.0,40,35.0,40.0,7.0,17.615000000000002,5
40133044,40.0,37.0,40.0,35.0,40.0,40,40.0,40.0,5.7,14.620000000000001,5
40133045,40.0,36.0,40.0,40.0,40.0,40,40.0,40.0,5.3,13.86,5
40133046,25.0,35.0,38.0,35.0,40.0,40,35.0,40.0,4.25,11.629999999999999,5
40133048,24.0,32.0,40.0,0.0,15.0,40,30.0,0.0,5.4,13.81,5
40133051,40.0,38.0,40.0,30.0,40.0,40,40.0,0.0,5.3,13.98,5
40133053,40.0,36.0,40.0,40.0,40.0,40,35.0,38.0,4.0,11.79,5
40133055,40.0,35.0,40.0,40.0,40.0,40,25.0,0.0,5.1,13.1,5
40133057,15.0,36.5,40.0,40.0,40.0,40,30.0,22.0,0.0,2.735,5
40133058,40.0,38.0,40.0,40.0,40.0,40,35.0,34.0,7.0,11.77,5
40133413,38.0,0.0,40.0,35.0,40.0,40,25.0,40.0,4.4,11.780000000000001,5
40133414,25.0,33.0,40.0,0.0,40.0,40,25.0,0.0,0.9,4.33,5
40133416,25.0,0.0,0.0,40.0,0.0,40,25.0,40.0,3.1,7.0,5
40133417,20.0,34.0,40.0,35.0,35.0,40,30.0,34.0,6.2,15.379999999999999,5
40133418,28.0,34.0,40.0,0.0,35.0,40,0.0,0.0,5.3,7.87,5
40133419,18.0,32.0,40.0,40.0,40.0,40,25.0,30.0,1.9,6.75,5
40133430,25.0,0.0,40.0,0.0,0.0,40,40.0,0.0,1.6,3.75,5
40134016,11.0,31.5,0.0,36.0,0.0,40,30.0,0.0,4.8,10.885,5
40134017,0.0,32.0,40.0,35.0,15.0,40,35.0,40.0,2.95,9.92,5
40134018,0.0,24.0,40.0,40.0,40.0,40,40.0,40.0,5.2,13.740000000000002,5
40134019,35.0,33.5,38.0,0.0,0.0,40,35.0,26.0,1.1,3.8750000000000004,5
40134020,37.0,33.0,40.0,20.0,40.0,40,35.0,40.0,3.8,11.05,5
40134021,0.0,35.0,40.0,0.0,0.0,40,0.0,26.0,3.5,5.71,5
40134022,37.0,38.0,40.0,40.0,35.0,40,40.0,40.0,6.5,14.1,5
40134023,37.0,36.0,0.0,40.0,40.0,40,0.0,40.0,4.8,9.43,5
40134024,23.0,37.0,40.0,35.0,40.0,40,40.0,34.0,7.0,18.79,5
40134025,38.0,37.0,40.0,0.0,0.0,40,40.0,38.0,5.775,12.405000000000001,5
40134026,22.0,33.0,38.0,31.0,30.0,40,35.0,34.0,4.2,12.93,5
40134027,0.0,0.0,0.0,25.0,0.0,40,35.0,10.0,1.85,6.25,5
40134029,0.0,0.0,0.0,20.0,0.0,40,0.0,0.0,0.0,0.6,5
40134030,40.0,40.0,0.0,35.0,34.0,40,35.0,26.0,2.9,8.0,5
40134031,35.0,37.0,40.0,40.0,35.0,40,35.0,32.0,6.0,17.14,5
40134032,12.0,28.0,36.0,35.0,40.0,40,40.0,0.0,4.4,13.81,5
40134033,10.0,35.0,0.0,0.0,0.0,40,0.0,0.0,0.0,0.85,5
40134034,20.0,40.0,40.0,35.0,35.0,40,40.0,34.0,3.55,10.89,5
40134035,0.0,33.0,0.0,0.0,35.0,40,40.0,32.0,4.1,10.1,5
40134036,0.0,33.0,38.0,33.0,35.0,40,35.0,28.0,2.7,7.5200000000000005,5
40024093,0.0,0.0,0.0,0.0,0.0,40,0.0,0.0,0.8,1.2000000000000002,9
40031101,0.0,0.0,0.0,0.0,0.0,40,0.0,0.0,0.0,0.4,9
40031104,20.0,0.0,16.0,0.0,0.0,40,0.0,0.0,1.2,1.96,9
40111428,13.0,0.0,40.0,35.0,35.0,40,40.0,28.0,2.0,5.01,9
40125401,0.0,0.0,0.0,0.0,40.0,40,0.0,40.0,2.2,4.4,9
40125406,30.0,0.0,40.0,0.0,35.0,40,0.0,0.0,2.4,4.75,9
40125407,0.0,0.0,38.0,0.0,40.0,40,35.0,40.0,0.0,1.93,9
40125410,37.0,0.0,36.0,40.0,35.0,40,35.0,40.0,1.5,8.73,9
40126401,22.0,0.0,40.0,35.0,30.0,40,25.0,13.0,4.7,11.75,9
40126402,35.0,0.0,40.0,36.0,35.0,40,35.0,38.0,4.5,11.29,9
40126403,37.0,0.0,0.0,0.0,35.0,40,0.0,0.0,5.2,11.52,9
40126404,37.0,0.0,0.0,0.0,0.0,40,0.0,0.0,2.6,3.67,9
40126405,29.0,0.0,40.0,40.0,35.0,40,25.0,40.0,4.1,10.39,9
40126407,0.0,0.0,0.0,0.0,0.0,40,0.0,0.0,0.8,1.4000000000000001,9
40127005,0.0,0.0,0.0,0.0,0.0,40,0.0,0.0,1.7,6.300000000000001,9
40127006,0.0,0.0,40.0,0.0,35.0,40,40.0,25.0,2.9,10.0,9
40127007,0.0,0.0,38.0,35.0,20.0,40,35.0,30.0,1.8,5.08,9
40127008,0.0,0.0,36.0,36.0,40.0,40,40.0,30.0,1.85,7.470000000000001,9
40127009,0.0,0.0,38.0,0.0,0.0,40,0.0,0.0,0.2,1.48,9
40127011,0.0,0.0,40.0,0.0,0.0,40,40.0,22.0,2.3,3.82,9
40127012,15.0,0.0,36.0,0.0,40.0,40,15.0,36.0,5.4,14.42,9
40127014,30.0,0.0,40.0,0.0,0.0,40,40.0,32.0,3.3,8.719999999999999,9
40127015,20.0,0.0,0.0,36.0,35.0,40,35.0,0.0,0.0,1.66,9
40127034,40.0,0.0,40.0,0.0,35.0,40,35.0,40.0,0.5,4.1,9
40127035,22.0,0.0,40.0,30.0,40.0,40,35.0,40.0,5.3,13.27,9
40127036,40.0,0.0,40.0,0.0,0.0,40,0.0,39.0,3.5,6.49,9
40127037,27.0,0.0,40.0,35.0,40.0,40,35.0,40.0,5.7,12.77,9
40127038,0.0,0.0,0.0,0.0,0.0,40,0.0,0.0,1.6,2.2,9
40127039,0.0,0.0,38.0,40.0,0.0,40,40.0,39.0,2.0,5.37,9
40127040,25.0,0.0,40.0,35.0,30.0,40,40.0,40.0,5.3,9.8,9
40127048,13.0,0.0,0.0,40.0,0.0,40,0.0,35.0,0.0,2.38,9
40127050,22.0,0.0,40.0,35.0,40.0,40,40.0,40.0,3.5,10.27,9
40127051,0.0,0.0,0.0,0.0,0.0,40,0.0,0.0,0.0,0.8,9
40127052,20.0,0.0,0.0,0.0,0.0,40,0.0,0.0,0.0,0.6,9
40127053,0.0,0.0,38.0,0.0,39.0,40,40.0,0.0,3.4,6.77,9
40127054,3.0,0.0,38.0,35.0,40.0,40,40.0,40.0,0.0,4.51,9
40127056,0.0,0.0,38.0,0.0,0.0,40,0.0,0.0,2.5,5.18,9
40131424,37.0,0.0,40.0,40.0,40.0,40,35.0,40.0,2.2,10.920000000000002,9
40131425,37.0,0.0,0.0,0.0,0.0,40,0.0,0.0,0.0,0.77,9
40131427,0.0,0.0,0.0,0.0,0.0,40,0.0,0.0,0.0,0.4,9
40131429,0.0,0.0,40.0,40.0,40.0,40,0.0,0.0,0.0,1.6,9
40131901,0.0,0.0,0.0,0.0,0.0,40,0.0,0.0,1.5,1.9,9
40133002,0.0,0.0,40.0,40.0,0.0,40,0.0,0.0,4.4,9.8,9
40133009,0.0,0.0,0.0,0.0,40.0,40,30.0,26.0,2.0,7.760000000000001,9
40133011,0.0,0.0,40.0,0.0,35.0,40,0.0,40.0,6.0,14.950000000000001,9
40133014,37.0,0.0,40.0,35.0,40.0,40,40.0,40.0,6.0,17.020000000000003,9
40133015,37.0,0.0,40.0,35.0,35.0,40,40.0,26.0,5.8,16.03,9
40133019,37.0,0.0,40.0,35.0,40.0,40,35.0,0.0,6.1,14.37,9
40133022,40.0,0.0,40.0,35.0,20.0,40,35.0,40.0,6.0,14.4,9
40133026,37.0,0.0,40.0,35.0,35.0,40,40.0,34.0,2.6,7.359999999999999,9
40133027,0.0,0.0,0.0,15.0,30.0,40,35.0,40.0,2.4,6.6,9
40133029,37.0,0.0,40.0,30.0,38.0,40,30.0,0.0,3.45,11.8,9
40133030,15.0,0.0,40.0,35.0,35.0,40,35.0,0.0,3.8,9.7,9
40133031,37.0,0.0,40.0,35.0,40.0,40,35.0,40.0,6.0,17.17,9
40133033,25.0,0.0,40.0,35.0,35.0,40,40.0,39.0,6.0,16.94,9
40133065,27.0,0.0,40.0,35.0,38.0,40,35.0,34.0,6.4,10.39,9
40133066,32.0,0.0,40.0,30.0,0.0,40,25.0,40.0,3.3,10.370000000000001,9
40133067,0.0,0.0,0.0,0.0,0.0,40,0.0,0.0,0.0,0.4,9
40133069,30.0,0.0,40.0,30.0,40.0,40,35.0,40.0,3.2,11.15,9
40133070,0.0,0.0,0.0,35.0,35.0,40,35.0,40.0,1.9,6.35,9
40133071,34.0,0.0,40.0,0.0,40.0,40,35.0,40.0,6.0,14.09,9
40133072,37.0,0.0,40.0,35.0,30.0,40,35.0,40.0,5.8,11.969999999999999,9
40133073,40.0,0.0,40.0,35.0,40.0,40,40.0,40.0,4.8,14.25,9
40133074,22.0,0.0,40.0,30.0,40.0,40,0.0,0.0,6.2,10.02,9
40133075,35.0,0.0,40.0,35.0,40.0,40,35.0,40.0,6.0,14.45,9
40133076,0.0,0.0,40.0,35.0,40.0,40,35.0,40.0,4.1,8.6,9
40011020,25.0,39.0,40.0,40.0,40.0,40,0.0,0.0,0.0,2.24,7
40122416,0.0,39.0,38.0,40.0,40.0,40,35.0,35.0,2.9,7.67,7
40122418,25.0,0.0,38.0,36.0,40.0,40,0.0,0.0,5.3,7.39,7
40122419,0.0,39.0,40.0,40.0,40.0,40,35.0,35.0,1.1,3.99,7
40122420,0.0,0.0,40.0,0.0,30.0,40,35.0,35.0,1.9,4.0,7
40122421,0.0,40.0,0.0,0.0,0.0,40,28.0,0.0,1.8,5.08,7
40122423,0.0,34.0,38.0,40.0,40.0,40,35.0,35.0,1.4,5.970000000000001,7
40122431,0.0,0.0,0.0,0.0,0.0,40,0.0,0.0,0.0,0.4,7
40124001,0.0,0.0,40.0,25.0,0.0,40,0.0,35.0,1.5,6.8,7
40124002,40.0,0.0,38.0,40.0,40.0,40,25.0,0.0,3.4,9.83,7
40124003,20.0,0.0,38.0,0.0,0.0,40,0.0,40.0,3.3,4.68,7
40124004,40.0,39.0,20.0,18.0,0.0,40,33.0,0.0,5.1,10.399999999999999,7
40124005,40.0,20.0,0.0,37.0,40.0,40,35.0,30.0,3.0,9.92,7
40124006,0.0,0.0,38.0,0.0,0.0,40,0.0,22.0,2.0,3.2,7
40124008,27.0,27.0,38.0,40.0,0.0,40,0.0,30.0,4.7,9.02,7
40124009,0.0,0.0,0.0,0.0,0.0,40,0.0,0.0,0.0,0.6000000000000001,7
40124014,0.0,20.0,40.0,38.0,0.0,40,0.0,0.0,3.4,10.879999999999999,7
40124019,35.0,0.0,40.0,0.0,40.0,40,0.0,0.0,3.3,5.05,7
40124020,35.0,37.0,38.0,37.0,40.0,40,28.0,40.0,1.65,6.65,7
40124022,30.0,0.0,0.0,38.0,40.0,40,28.0,35.0,0.6,7.309999999999999,7
40124029,30.0,39.0,38.0,38.0,40.0,40,35.0,27.0,5.0,12.07,7
40124030,35.0,30.0,30.0,0.0,0.0,40,20.0,0.0,3.6,8.15,7
40124055,35.0,37.0,20.0,40.0,40.0,40,30.0,35.0,4.3,10.67,7
40125402,30.0,25.0,0.0,40.0,0.0,40,30.0,40.0,3.5,8.05,7
40125403,25.0,26.0,40.0,40.0,40.0,40,35.0,40.0,2.4,6.16,7
40126067,35.0,38.0,40.0,40.0,40.0,40,40.0,32.0,6.3,16.35,7
40126071,40.0,35.0,40.0,40.0,40.0,40,35.0,40.0,6.8,15.399999999999999,7
40126072,30.0,40.0,38.0,40.0,40.0,40,38.0,40.0,2.5,9.26,7
40126087,27.0,32.0,38.0,38.0,40.0,40,35.0,35.0,4.2,10.95,7
40126088,40.0,20.0,40.0,40.0,40.0,40,40.0,35.0,6.6,17.049999999999997,7
40126089,27.0,33.0,20.0,40.0,40.0,40,35.0,40.0,4.6,11.45,7
40126090,0.0,0.0,38.0,0.0,0.0,40,35.0,0.0,4.1,9.43,7
40126092,30.0,32.0,40.0,40.0,40.0,40,40.0,27.0,5.5,16.09,7
40126093,35.0,38.0,40.0,40.0,40.0,40,35.0,40.0,4.7,12.879999999999999,7
40126094,40.0,29.0,40.0,40.0,40.0,40,37.0,40.0,4.85,13.31,7
40126095,30.0,37.0,40.0,40.0,40.0,40,39.0,40.0,5.5,15.86,7
40126096,0.0,37.0,36.0,38.0,0.0,40,0.0,40.0,3.0,6.31,7
40126097,40.0,27.0,40.0,0.0,0.0,40,40.0,35.0,2.9,8.82,7
40126098,40.0,39.0,40.0,40.0,40.0,40,40.0,40.0,4.7,14.59,7
40126099,35.0,36.0,40.0,40.0,40.0,40,40.0,40.0,5.4,14.31,7
40126901,40.0,34.0,38.0,40.0,0.0,40,28.0,23.0,1.8,6.13,7
40128012,0.0,36.0,36.0,20.0,0.0,40,35.0,35.0,2.2,6.7700000000000005,7
40128016,35.0,33.0,40.0,40.0,40.0,40,35.0,40.0,3.6,6.63,7
40128020,20.0,38.0,38.0,38.0,40.0,40,30.0,35.0,3.4,10.89,7
40128022,25.0,32.0,38.0,0.0,40.0,40,35.0,22.0,2.3,5.119999999999999,7
40128027,35.0,38.0,40.0,40.0,40.0,40,30.0,22.0,2.95,10.100000000000001,7
40128029,25.0,0.0,40.0,40.0,0.0,40,35.0,0.0,2.0,6.4,7
40128037,25.0,38.0,40.0,37.0,40.0,40,30.0,22.0,1.3,7.0200000000000005,7
40128039,35.0,37.0,38.0,35.0,40.0,40,30.0,18.0,0.3,3.9799999999999995,7
40128063,15.0,40.0,40.0,40.0,40.0,40,39.0,40.0,0.0,3.94,7
40128064,0.0,29.0,0.0,40.0,0.0,40,35.0,0.0,0.0,2.04,7
40128087,0.0,33.0,40.0,40.0,40.0,40,35.0,0.0,3.3,5.58,7
40128088,27.0,38.0,40.0,40.0,35.0,40,35.0,40.0,0.0,2.95,7
40128089,0.0,0.0,0.0,0.0,0.0,40,0.0,0.0,1.5,1.9,7
40128090,0.0,0.0,0.0,0.0,0.0,40,0.0,0.0,0.0,0.4,7
40128092,0.0,0.0,0.0,0.0,0.0,40,35.0,0.0,3.7,8.05,7
40131012,30.0,37.0,38.0,40.0,40.0,40,35.0,40.0,5.3,12.899999999999999,7
40131021,35.0,20.0,40.0,0.0,40.0,40,0.0,40.0,5.6,14.75,7
40131022,30.0,37.0,38.0,40.0,40.0,40,40.0,40.0,4.5,12.25,7
40131026,35.0,38.0,40.0,40.0,40.0,40,30.0,40.0,7.0,16.63,7
40131032,40.0,29.0,38.0,40.0,40.0,40,40.0,40.0,5.8,17.77,7
40131034,40.0,35.0,38.0,38.0,40.0,40,35.0,40.0,3.7,15.46,7
40131036,35.0,37.0,40.0,40.0,40.0,40,35.0,40.0,3.7,12.77,7
40131044,35.0,37.0,40.0,40.0,40.0,40,0.0,40.0,5.2,15.420000000000002,7
40131049,0.0,0.0,0.0,0.0,40.0,40,40.0,0.0,1.8,4.3999999999999995,7
40131052,40.0,39.0,40.0,40.0,40.0,40,0.0,35.0,6.9,18.44,7
40131056,20.0,37.0,40.0,40.0,40.0,40,35.0,40.0,2.3,9.32,7
40131060,35.0,36.0,40.0,40.0,40.0,40,30.0,38.0,7.0,18.490000000000002,7
40131062,40.0,38.0,40.0,40.0,40.0,40,0.0,40.0,6.8,18.58,7
40134037,40.0,0.0,0.0,0.0,0.0,40,0.0,0.0,0.0,0.8,7
40131040,40.0,28.0,40.0,40.0,0.0,40,0.0,40.0,4.3,9.879999999999999,7
40111402,0.0,10.0,38.0,17.0,0.0,40,0.0,18.0,0.0,2.0300000000000002,1
40111403,0.0,0.0,0.0,0.0,0.0,40,0.0,0.0,0.0,0.75,1
40111404,35.0,33.0,40.0,40.0,40.0,40,27.0,40.0,3.1,10.25,1
40111405,40.0,33.0,36.0,40.0,0.0,40,26.0,38.0,0.0,3.63,1
40111406,30.0,0.0,36.0,0.0,0.0,40,0.0,0.0,2.4,7.460000000000001,1
40111410,40.0,32.0,40.0,40.0,40.0,40,34.0,40.0,2.3,9.760000000000002,1
40111412,35.0,0.0,36.0,38.0,0.0,40,0.0,0.0,3.5,7.39,1
40111413,25.0,32.0,36.0,20.0,40.0,40,25.0,28.0,4.3,11.86,1
40111416,20.0,38.0,38.0,36.0,40.0,40,30.0,23.0,0.5,4.05,1
40123019,40.0,32.0,40.0,40.0,35.0,40,40.0,40.0,0.6,7.369999999999999,1
40123020,40.0,0.0,40.0,40.0,40.0,40,40.0,40.0,2.8,14.3,1
40123021,20.0,34.0,40.0,40.0,40.0,40,28.0,40.0,6.8,16.72,1
40123022,0.0,34.0,40.0,40.0,40.0,40,0.0,40.0,5.0,13.84,1
40123023,30.0,39.0,40.0,40.0,40.0,40,35.0,40.0,4.6,12.34,1
40123025,30.0,32.0,38.0,40.0,40.0,40,40.0,40.0,4.3,14.7,1
40123026,35.0,39.0,40.0,40.0,40.0,40,35.0,40.0,6.7,17.79,1
40123027,0.0,33.0,40.0,40.0,40.0,40,18.0,40.0,2.7,12.21,1
40123089,30.0,32.0,40.0,38.0,40.0,40,40.0,40.0,4.2,14.600000000000001,1
40123092,40.0,15.0,40.0,40.0,40.0,40,40.0,40.0,6.1,17.049999999999997,1
40124037,35.0,39.0,38.0,40.0,40.0,40,28.0,40.0,6.2,13.0,1
40124038,20.0,32.0,40.0,0.0,30.0,40,0.0,40.0,0.0,3.62,1
40124040,29.0,31.0,34.0,0.0,40.0,40,38.0,40.0,5.45,16.97,1
40124041,25.0,40.0,30.0,38.0,40.0,40,33.0,40.0,2.4,6.0600000000000005,1
40124042,40.0,33.0,40.0,40.0,40.0,40,35.0,40.0,4.5,10.58,1
40124418,30.0,32.0,20.0,0.0,0.0,40,35.0,0.0,1.8,5.37,1
40124419,0.0,0.0,0.0,0.0,0.0,40,0.0,0.0,0.0,1.9,1
40124421,0.0,0.0,0.0,38.0,0.0,40,33.0,40.0,0.0,1.81,1
40125023,0.0,34.0,38.0,36.0,35.0,40,28.0,40.0,0.8,9.21,1
40125025,30.0,32.0,40.0,40.0,40.0,40,35.0,40.0,3.5,11.77,1
40125032,25.0,0.0,0.0,0.0,0.0,40,0.0,0.0,5.2,7.15,1
40125037,35.0,34.0,40.0,40.0,40.0,40,40.0,40.0,5.7,15.29,1
40125044,35.0,23.0,38.0,40.0,0.0,40,28.0,0.0,3.8,11.940000000000001,1
40125412,30.0,0.0,0.0,40.0,40.0,40,28.0,40.0,2.8,9.780000000000001,1
40125413,25.0,0.0,40.0,36.0,40.0,40,27.0,40.0,3.5,12.18,1
40125414,20.0,32.0,38.0,40.0,40.0,40,28.0,40.0,4.8,14.379999999999999,1
40125415,40.0,37.0,40.0,38.0,40.0,40,33.0,40.0,3.7,11.68,1
40125416,40.0,37.0,38.0,36.0,40.0,40,33.0,40.0,2.2,10.04,1
40125417,30.0,0.0,30.0,40.0,40.0,40,35.0,38.0,4.4,12.63,1
40125418,30.0,37.0,40.0,40.0,40.0,40,28.0,40.0,2.0,6.050000000000001,1
40126033,20.0,39.0,40.0,0.0,40.0,40,15.0,22.0,3.05,9.41,1
40126039,25.0,33.0,40.0,40.0,0.0,40,33.0,22.0,3.7,12.73,1
40126040,0.0,32.0,40.0,40.0,40.0,40,25.0,35.0,0.0,4.02,1
40126046,35.0,36.0,40.0,40.0,40.0,40,28.0,40.0,4.0,12.79,1
40126049,35.0,38.0,40.0,40.0,40.0,40,23.0,35.0,6.0,15.71,1
40126054,35.0,40.0,40.0,40.0,40.0,40,28.0,40.0,5.4,16.73,1
40126055,25.0,33.0,36.0,38.0,40.0,40,35.0,40.0,5.7,9.870000000000001,1
40126057,25.0,39.0,36.0,40.0,35.0,40,28.0,40.0,4.9,16.43,1
40126061,40.0,39.0,40.0,0.0,40.0,40,35.0,40.0,5.0,15.34,1
40126069,40.0,34.0,38.0,36.0,40.0,40,38.0,22.0,3.5,11.58,1
40126070,20.0,34.0,0.0,0.0,35.0,40,28.0,35.0,4.65,9.47,1
40131064,35.0,40.0,38.0,38.0,40.0,40,33.0,40.0,5.7,13.24,1
40131401,0.0,0.0,38.0,38.0,0.0,40,0.0,0.0,2.6,4.859999999999999,1
40131413,28.0,32.0,36.0,35.0,40.0,40,38.0,40.0,1.6,5.49,1
40131414,25.0,37.0,40.0,36.0,40.0,40,35.0,40.0,1.05,4.180000000000001,1
40131415,35.0,0.0,38.0,0.0,40.0,40,40.0,40.0,2.9,8.93,1
40131420,0.0,0.0,0.0,0.0,0.0,40,0.0,0.0,0.0,0.4,1
40131421,0.0,0.0,0.0,0.0,0.0,40,0.0,0.0,0.0,0.4,1
40131423,15.0,0.0,0.0,36.0,40.0,40,0.0,0.0,0.0,1.31,1
40131428,20.0,28.0,40.0,36.0,0.0,40,40.0,0.0,0.0,2.14,1
40131431,0.0,0.0,40.0,38.0,0.0,40,0.0,0.0,0.0,1.18,1
40131432,0.0,0.0,0.0,0.0,0.0,40,0.0,0.0,0.0,0.4,1
40133401,30.0,37.0,40.0,40.0,40.0,40,33.0,40.0,5.2,11.8,1
40133402,0.0,0.0,38.0,40.0,40.0,40,33.0,38.0,3.5,8.49,1
40133404,35.0,38.0,38.0,40.0,40.0,40,28.0,40.0,5.9,12.690000000000001,1
40133407,0.0,36.0,36.0,38.0,20.0,40,28.0,40.0,0.0,4.779999999999999,1
40133408,35.0,37.0,40.0,36.0,3.0,40,40.0,40.0,4.1,12.51,1
40133411,35.0,0.0,40.0,40.0,0.0,40,21.0,40.0,0.0,5.86,1
40133412,35.0,33.0,40.0,37.0,40.0,40,27.0,40.0,3.6,9.82,1
40133415,35.0,39.0,40.0,40.0,0.0,40,28.0,40.0,0.0,3.52,1
40133431,35.0,39.0,38.0,40.0,0.0,40,0.0,0.0,0.0,1.92,1
40133433,0.0,0.0,0.0,0.0,40.0,40,0.0,0.0,0.0,0.8,1
40112001,30.0,0.0,40.0,35.0,32.0,40,40.0,40.0,4.3,13.469999999999999,6
40112002,40.0,38.0,40.0,40.0,35.0,40,40.0,40.0,5.3,17.13,6
40112003,35.0,35.0,40.0,40.0,35.0,40,40.0,40.0,3.8,10.85,6
40112005,40.0,36.0,40.0,35.0,25.0,40,35.0,40.0,3.5,8.81,6
40112008,0.0,35.0,40.0,35.0,40.0,40,40.0,40.0,4.5,12.8,6
40112009,40.0,39.0,40.0,35.0,37.5,40,40.0,40.0,6.2,17.315,6
40112010,35.0,33.5,40.0,35.0,40.0,40,40.0,40.0,6.2,16.335,6
40112011,35.0,25.5,40.0,40.0,32.0,40,35.0,34.0,3.7,14.415,6
40112012,0.0,37.0,40.0,40.0,35.0,40,35.0,40.0,5.4,11.97,6
40112014,40.0,36.0,40.0,40.0,35.0,40,20.0,40.0,6.1,18.009999999999998,6
40112016,40.0,38.0,40.0,35.0,40.0,40,35.0,40.0,6.0,17.18,6
40112017,0.0,29.5,40.0,40.0,35.0,40,35.0,0.0,0.0,7.695,6
40112018,0.0,16.0,40.0,40.0,38.0,40,25.0,25.0,3.4,12.040000000000001,6
40112019,28.0,0.0,40.0,35.0,40.0,40,25.0,40.0,5.3,12.48,6
40112020,35.0,36.0,40.0,0.0,35.0,40,0.0,40.0,3.1,11.56,6
40112021,0.0,0.0,40.0,40.0,40.0,40,40.0,40.0,3.9,6.3,6
40112023,0.0,0.0,40.0,40.0,40.0,40,40.0,40.0,0.0,2.4,6
40112024,40.0,36.0,40.0,35.0,40.0,40,40.0,40.0,3.2,12.809999999999999,6
40112025,40.0,29.0,40.0,35.0,40.0,40,35.0,40.0,3.4,10.790000000000001,6
40112026,40.0,35.0,40.0,0.0,0.0,40,0.0,0.0,5.7,13.15,6
40112042,35.0,37.5,40.0,35.0,35.0,40,35.0,40.0,5.4,11.925,6
40112045,40.0,36.0,40.0,35.0,33.0,40,25.0,25.0,6.9,14.84,6
40113003,40.0,36.0,40.0,35.0,38.0,40,35.0,40.0,5.8,16.64,6
40113004,40.0,37.0,40.0,35.0,40.0,40,40.0,40.0,6.1,16.92,6
40113006,40.0,35.0,40.0,35.0,35.0,40,35.0,40.0,6.9,15.9,6
40113007,40.0,38.0,40.0,0.0,35.0,40,0.0,32.0,7.0,18.25,6
40113008,40.0,36.5,40.0,35.0,35.0,40,40.0,40.0,7.0,18.465,6
40113009,40.0,37.0,40.0,0.0,0.0,40,0.0,0.0,5.3,15.870000000000001,6
40113011,40.0,38.0,40.0,36.0,35.0,40,35.0,40.0,5.2,16.64,6
40113012,35.0,40.0,40.0,0.0,0.0,40,0.0,0.0,7.0,17.55,6
40113014,0.0,27.5,40.0,20.0,30.0,40,40.0,40.0,4.6,10.475,6
40113016,40.0,34.5,40.0,30.0,35.0,40,40.0,40.0,7.0,18.195,6
40113017,0.0,36.5,40.0,0.0,35.0,40,35.0,40.0,5.0,11.865,6
40113034,40.0,37.0,40.0,35.0,40.0,40,40.0,40.0,4.4,12.42,6
40113404,0.0,37.5,40.0,35.0,38.0,40,35.0,40.0,5.9,14.055,6
40113407,40.0,38.0,40.0,36.0,35.0,40,35.0,40.0,5.3,14.84,6
40113409,35.0,26.5,40.0,40.0,40.0,40,35.0,39.0,4.9,12.755,6
40113415,40.0,35.0,40.0,31.0,25.0,40,35.0,0.0,5.7,14.059999999999999,6
40113416,40.0,35.0,40.0,35.0,40.0,40,35.0,40.0,6.0,15.55,6
40113417,0.0,0.0,40.0,35.0,40.0,40,40.0,40.0,3.0,11.25,6
40113418,35.0,0.0,40.0,35.0,0.0,40,40.0,40.0,6.4,17.200000000000003,6
40113419,35.0,24.0,40.0,0.0,0.0,40,0.0,0.0,0.0,6.09,6
40113420,40.0,36.5,40.0,31.0,30.0,40,40.0,40.0,4.0,12.075,6
40113421,0.0,36.0,40.0,40.0,33.0,40,25.0,40.0,6.1,10.84,6
40113422,0.0,0.0,40.0,30.0,0.0,40,40.0,40.0,0.0,5.5,6
40113423,40.0,34.0,40.0,35.0,40.0,40,40.0,40.0,2.8,11.09,6
40113424,40.0,39.0,40.0,40.0,25.0,40,40.0,40.0,5.3,14.740000000000002,6
40113425,0.0,37.0,40.0,35.0,40.0,40,35.0,40.0,1.8,7.069999999999999,6
40113426,0.0,36.0,40.0,35.0,40.0,40,0.0,40.0,0.0,4.8100000000000005,6
40113427,0.0,0.0,40.0,35.0,0.0,40,0.0,0.0,2.4,3.55,6
40112004,40.0,36.5,40.0,35.0,40.0,40,40.0,40.0,5.8,14.215,6
40112006,40.0,31.0,40.0,35.0,0.0,40,35.0,0.0,4.1,8.11,6
40112027,40.0,0.0,40.0,35.0,35.0,40,25.0,40.0,6.1,15.249999999999998,6
40112028,40.0,36.0,40.0,40.0,35.0,40,40.0,40.0,3.4,9.61,6
40112029,40.0,39.0,40.0,35.0,40.0,40,40.0,40.0,7.0,18.240000000000002,6
40112030,40.0,38.0,40.0,30.0,40.0,40,40.0,34.0,3.1,9.82,6
40112032,40.0,0.0,40.0,40.0,40.0,40,35.0,40.0,2.5,11.25,6
40112034,35.0,0.0,40.0,0.0,0.0,40,0.0,40.0,0.0,1.55,6
40112036,40.0,38.0,40.0,35.0,35.0,40,35.0,40.0,3.2,8.43,6
40112037,35.0,18.0,0.0,0.0,0.0,40,0.0,31.0,4.5,9.940000000000001,6
40112038,30.0,37.0,40.0,35.0,35.0,40,35.0,40.0,6.9,18.32,6
40112039,40.0,0.0,0.0,35.0,40.0,40,35.0,0.0,6.8,16.3,6
40112040,0.0,33.0,40.0,30.0,40.0,40,0.0,40.0,0.0,2.23,6
40112041,0.0,0.0,40.0,20.0,0.0,40,35.0,0.0,1.4,3.75,6
40112043,0.0,38.0,40.0,35.0,35.0,40,40.0,40.0,4.3,12.780000000000001,6
40112044,0.0,37.0,40.0,0.0,0.0,40,40.0,40.0,2.9,9.07,6
40112046,30.0,0.0,40.0,35.0,40.0,40,35.0,40.0,5.7,16.7,6
40112047,20.0,30.0,40.0,20.0,40.0,40,20.0,31.0,3.1,10.61,6
40112048,33.0,37.0,20.0,35.0,35.0,40,0.0,0.0,2.1,6.4,6
40112049,35.0,0.0,40.0,40.0,35.0,40,35.0,40.0,5.8,15.25,6
40112050,30.0,37.0,40.0,40.0,35.0,40,40.0,40.0,2.6,9.62,6
40112051,0.0,35.0,40.0,0.0,0.0,40,40.0,40.0,5.5,9.15,6
40112052,40.0,39.0,40.0,35.0,35.0,40,40.0,40.0,7.0,17.79,6
40113001,40.0,34.0,40.0,35.0,40.0,40,40.0,34.0,7.0,18.53,6
40113005,40.0,26.5,20.0,35.0,35.0,40,40.0,34.0,6.5,17.705,6
40113010,40.0,34.0,0.0,35.0,40.0,40,40.0,38.0,0.0,11.27,6
40113013,40.0,35.0,40.0,35.0,35.0,40,40.0,40.0,5.3,12.45,6
40113015,40.0,36.0,40.0,40.0,40.0,40,40.0,40.0,6.9,19.060000000000002,6
40113018,40.0,38.0,40.0,30.0,40.0,40,40.0,40.0,4.5,10.879999999999999,6
40113019,40.0,36.0,40.0,35.0,40.0,40,40.0,40.0,7.0,19.11,6
40113020,40.0,37.0,40.0,35.0,40.0,40,35.0,40.0,2.7,8.77,6
40113021,40.0,35.0,40.0,40.0,35.0,40,40.0,40.0,7.0,16.9,6
40113022,40.0,34.5,0.0,35.0,40.0,40,40.0,40.0,6.9,14.095,6
40113023,40.0,36.0,34.0,40.0,0.0,40,40.0,40.0,3.6,10.3,6
40113024,40.0,35.5,40.0,35.0,39.0,40,40.0,40.0,7.0,17.795,6
40113025,40.0,34.0,40.0,30.0,40.0,40,35.0,40.0,6.6,17.59,6
40113026,0.0,34.0,40.0,0.0,0.0,40,35.0,40.0,6.9,15.49,6
40113027,0.0,37.0,40.0,0.0,0.0,40,0.0,20.0,6.1,13.57,6
40113028,40.0,36.0,34.0,35.0,40.0,40,40.0,40.0,5.2,15.55,6
40113029,40.0,31.0,40.0,35.0,35.0,40,40.0,40.0,7.0,18.21,6
40113030,0.0,0.0,0.0,0.0,0.0,40,0.0,0.0,0.0,0.4,6
40113031,0.0,33.0,40.0,0.0,0.0,40,35.0,30.0,6.9,15.98,6
40113033,40.0,38.0,40.0,35.0,40.0,40,40.0,40.0,7.0,19.03,6
40113401,35.0,0.0,0.0,35.0,0.0,40,0.0,0.0,4.2,6.1000000000000005,6
40113403,40.0,36.5,40.0,35.0,39.0,40,40.0,40.0,6.0,17.305,6
40113405,40.0,37.0,40.0,35.0,35.0,40,40.0,40.0,7.0,17.67,6
40113406,40.0,38.0,40.0,40.0,40.0,40,0.0,40.0,4.9,14.48,6
40113410,40.0,33.0,0.0,20.0,35.0,40,35.0,32.0,5.0,11.65,6
40113411,0.0,0.0,0.0,0.0,0.0,40,0.0,0.0,0.0,0.4,6
40113412,0.0,0.0,0.0,0.0,35.0,40,0.0,40.0,3.5,5.45,6
40113413,40.0,0.0,36.0,35.0,35.0,40,35.0,40.0,2.8,12.91,6
40113414,0.0,32.0,38.0,35.0,35.0,40,35.0,0.0,5.2,15.45,6
40113428,35.0,40.0,0.0,36.0,27.0,40,40.0,34.0,0.0,5.52,6
40113429,40.0,36.0,40.0,40.0,40.0,40,40.0,40.0,5.5,15.66,6
40113430,40.0,35.5,40.0,40.0,30.0,40,35.0,40.0,3.25,6.855,6
40113431,30.0,34.0,38.0,35.0,35.0,40,35.0,34.0,2.3,6.91,6
40113432,40.0,0.0,36.0,35.0,0.0,40,35.0,22.0,2.2,7.78,6
40113433,0.0,40.0,40.0,30.0,40.0,40,35.0,34.0,1.7,6.39,6
40113434,40.0,38.0,40.0,30.0,40.0,40,40.0,40.0,6.9,13.98,6
40113436,0.0,28.0,40.0,40.0,0.0,40,35.0,10.0,1.55,3.9799999999999995,6
40113437,40.0,37.0,40.0,35.0,40.0,40,40.0,40.0,5.4,17.42,6
40113438,0.0,0.0,0.0,0.0,0.0,40,0.0,0.0,0.0,0.4,6
40123004,40.0,38.0,40.0,35.0,40.0,40,40.0,40.0,7.0,16.03,10
40123008,33.0,34.0,40.0,35.0,0.0,40,35.0,26.0,5.8,14.030000000000001,10
40123024,39.0,37.0,40.0,35.0,40.0,40,30.0,40.0,2.5,9.01,10
40123036,39.0,35.0,40.0,30.0,40.0,40,30.0,40.0,6.0,15.44,10
40123039,40.0,35.0,40.0,35.0,40.0,40,35.0,40.0,6.2,16.95,10
40123043,35.0,36.0,40.0,35.0,40.0,40,35.0,40.0,6.0,17.21,10
40123048,0.0,37.5,40.0,40.0,35.0,40,35.0,30.0,5.7,11.275,10
40123050,32.0,36.0,40.0,35.0,40.0,40,35.0,0.0,3.7,9.780000000000001,10
40123424,37.0,36.0,40.0,35.0,40.0,40,0.0,34.0,7.0,16.92,10
40123425,40.0,26.0,34.0,35.0,40.0,40,35.0,40.0,4.4,13.200000000000001,10
40125001,24.0,0.0,32.0,40.0,0.0,40,0.0,40.0,3.5,7.66,10
40125003,0.0,30.0,40.0,40.0,40.0,40,35.0,34.0,3.5,12.49,10
40125004,28.0,36.0,34.0,35.0,30.0,40,35.0,40.0,3.6,11.479999999999999,10
40125011,40.0,0.0,0.0,0.0,40.0,40,40.0,40.0,5.1,13.4,10
40125012,32.0,33.0,0.0,0.0,40.0,40,0.0,39.0,5.4,13.540000000000001,10
40125015,40.0,32.0,0.0,40.0,0.0,40,35.0,40.0,4.1,12.67,10
40125022,28.0,29.0,40.0,35.0,35.0,40,35.0,40.0,4.75,10.57,10
40125024,40.0,34.0,40.0,40.0,40.0,40,35.0,40.0,4.3,10.29,10
40125027,30.0,33.0,32.0,40.0,40.0,40,35.0,38.0,2.9,8.18,10
40125029,30.0,35.0,40.0,35.0,40.0,40,35.0,40.0,1.1,7.15,10
40125031,30.0,0.0,0.0,40.0,35.0,40,35.0,40.0,1.4,5.9,10
40125035,27.0,29.0,40.0,40.0,35.0,40,0.0,20.0,3.0,7.8100000000000005,10
40125042,38.0,22.0,0.0,35.0,35.0,40,35.0,34.0,4.7,12.09,10
40126073,40.0,40.0,40.0,40.0,40.0,40,40.0,40.0,6.8,16.6,10
40126074,30.0,34.0,40.0,35.0,40.0,40,30.0,39.0,4.9,12.98,10
40126075,40.0,38.0,40.0,35.0,40.0,40,40.0,40.0,6.6,17.229999999999997,10
40126076,0.0,37.5,40.0,35.0,35.0,40,25.0,26.0,5.4,12.385,10
40128004,40.0,32.0,40.0,35.0,35.0,40,25.0,40.0,4.5,9.27,10
40128014,25.0,17.0,40.0,35.0,40.0,40,25.0,26.0,4.5,8.48,10
40128015,40.0,31.0,34.0,40.0,40.0,40,35.0,40.0,3.4,8.9,10
40128017,24.0,36.5,40.0,35.0,40.0,40,25.0,34.0,2.35,8.395,10
40128018,0.0,37.0,40.0,35.0,40.0,40,35.0,26.0,0.0,2.53,10
40128019,38.0,37.0,40.0,35.0,40.0,40,25.0,26.0,1.6,6.709999999999999,10
40128024,25.0,33.0,40.0,35.0,40.0,40,0.0,0.0,0.0,2.13,10
40128026,40.0,37.0,40.0,35.0,40.0,40,35.0,40.0,2.7,7.67,10
40128028,0.0,0.0,0.0,0.0,40.0,40,40.0,40.0,2.45,4.3500000000000005,10
40128032,25.0,38.0,40.0,35.0,40.0,40,35.0,40.0,3.7,10.43,10
40128033,22.0,31.0,40.0,35.0,40.0,40,35.0,40.0,2.8,7.33,10
40128034,35.0,38.0,40.0,35.0,40.0,40,35.0,40.0,6.2,14.829999999999998,10
40128043,38.0,38.0,40.0,35.0,0.0,40,0.0,40.0,0.7,3.01,10
40128069,40.0,34.0,40.0,35.0,40.0,40,35.0,40.0,3.6,13.040000000000001,10
40128077,40.0,33.0,40.0,35.0,35.0,40,35.0,40.0,3.95,9.83,10
40128079,39.0,35.0,40.0,35.0,40.0,40,35.0,40.0,3.5,10.54,10
40128082,0.0,36.0,38.0,0.0,40.0,40,25.0,34.0,4.0,10.03,10
40128086,21.0,29.0,40.0,35.0,40.0,40,25.0,34.0,1.1,8.64,10
40129403,0.0,0.0,0.0,0.0,0.0,40,35.0,0.0,0.0,0.75,10
40129404,25.0,34.0,0.0,0.0,35.0,40,0.0,40.0,3.55,10.49,10
40129405,40.0,36.0,40.0,35.0,40.0,40,25.0,32.0,5.7,15.98,10
40131001,25.0,24.0,40.0,0.0,35.0,40,35.0,0.0,2.4,9.39,10
40131007,40.0,38.0,40.0,35.0,40.0,40,35.0,40.0,6.2,16.08,10
40131031,35.0,31.0,0.0,40.0,40.0,40,35.0,40.0,3.2,6.61,10
40131033,25.0,0.0,0.0,40.0,40.0,40,0.0,40.0,0.0,6.050000000000001,10
40131037,40.0,18.0,40.0,30.0,40.0,40,35.0,40.0,7.0,16.83,10
40131038,20.0,0.0,0.0,0.0,0.0,40,0.0,0.0,1.5,2.2,10
40131039,40.0,37.0,40.0,35.0,40.0,40,30.0,40.0,7.0,16.72,10
40131041,30.0,35.5,40.0,40.0,40.0,40,35.0,40.0,6.2,10.705,10
40131042,25.0,34.5,40.0,40.0,40.0,40,35.0,40.0,4.1,12.245,10
40133405,0.0,34.0,0.0,0.0,35.0,40,0.0,0.0,2.55,3.94,10
40133406,0.0,34.0,40.0,0.0,35.0,40,0.0,26.0,4.9,6.95,10
40134004,35.0,34.0,40.0,0.0,40.0,40,35.0,0.0,4.1,7.54,10
40134005,23.0,34.0,40.0,40.0,40.0,40,35.0,26.0,3.25,7.83,10
40134006,40.0,38.0,40.0,35.0,30.0,40,35.0,0.0,2.3,7.38,10
40134007,0.0,38.0,32.0,40.0,35.0,40,35.0,34.0,4.2,10.34,10
40134008,0.0,0.0,36.0,0.0,35.0,40,35.0,0.0,2.1,3.8600000000000003,10
40134009,40.0,39.0,40.0,0.0,40.0,40,35.0,32.0,6.2,15.260000000000002,10
40134010,27.0,22.0,38.0,40.0,0.0,40,40.0,40.0,1.9,5.87,10
40134011,35.0,36.5,40.0,35.0,40.0,40,35.0,40.0,1.9,8.415000000000001,10
40134012,0.0,0.0,40.0,0.0,40.0,40,30.0,34.0,1.3,6.04,10
40134013,40.0,34.0,40.0,35.0,0.0,40,40.0,40.0,0.0,6.6899999999999995,10
40134014,25.0,32.0,40.0,40.0,35.0,40,35.0,40.0,0.9,6.7700000000000005,10
40133410,20.0,0.0,0.0,0.0,0.0,40,0.0,0.0,2.8,3.4,10
40111401,0.0,30.0,32.0,40.0,35.0,40,25.0,0.0,3.0,6.72,12
40111407,30.0,30.0,38.0,40.0,35.0,40,35.0,40.0,3.8,9.879999999999999,12
40111408,0.0,0.0,32.0,0.0,35.0,40,35.0,0.0,1.2,5.82,12
40111409,30.0,20.0,37.0,35.0,35.0,40,30.0,40.0,5.6,12.37,12
40124402,25.0,37.0,38.0,0.0,35.0,40,29.0,20.0,3.7,9.24,12
40124403,38.0,37.0,37.0,40.0,40.0,40,30.0,37.0,2.35,8.540000000000001,12
40124404,0.0,36.0,0.0,40.0,0.0,40,0.0,0.0,0.6,1.96,12
40124405,25.0,36.0,37.0,40.0,35.0,40,38.0,37.0,3.7,8.58,12
40125020,40.0,39.0,36.0,0.0,35.0,40,35.0,40.0,6.9,17.05,12
40125021,25.0,0.0,0.0,40.0,0.0,40,0.0,0.0,5.2,13.350000000000001,12
40125026,40.0,37.0,38.0,40.0,35.0,40,30.0,40.0,6.7,16.3,12
40125030,0.0,0.0,0.0,0.0,0.0,40,0.0,0.0,0.8,1.2000000000000002,12
40125033,20.0,26.0,37.0,0.0,40.0,40,30.0,40.0,5.0,13.83,12
40125034,40.0,39.0,35.0,40.0,40.0,40,20.0,38.0,6.9,18.32,12
40125038,38.0,37.0,38.0,40.0,35.0,40,0.0,40.0,2.7,12.98,12
40125040,35.0,37.0,37.0,40.0,35.0,40,35.0,40.0,4.8,13.29,12
40125041,35.0,37.0,36.0,40.0,35.0,40,30.0,40.0,4.4,11.530000000000001,12
40125049,20.0,39.0,32.0,40.0,35.0,40,30.0,40.0,1.3,4.26,12
40125050,40.0,39.0,40.0,36.0,40.0,40,40.0,40.0,6.1,14.65,12
40125052,0.0,37.0,37.0,40.0,35.0,40,30.0,40.0,5.9,14.69,12
40126032,40.0,37.0,40.0,40.0,40.0,40,29.0,37.0,6.5,15.129999999999999,12
40126034,0.0,0.0,0.0,0.0,0.0,40,0.0,0.0,0.0,0.4,12
40126035,35.0,39.0,40.0,0.0,40.0,40,0.0,25.0,4.4,13.19,12
40126036,40.0,39.0,37.0,40.0,40.0,40,38.0,40.0,6.8,14.940000000000001,12
40126037,0.0,36.0,0.0,0.0,0.0,40,0.0,0.0,6.5,12.559999999999999,12
40126038,40.0,39.0,40.0,40.0,40.0,40,29.0,37.0,6.6,18.65,12
40126041,0.0,0.0,38.0,40.0,40.0,40,29.0,37.0,4.7,11.940000000000001,12
40126042,35.0,37.0,34.0,40.0,40.0,40,38.0,37.0,6.9,15.709999999999999,12
40126043,28.0,39.0,36.0,40.0,40.0,40,29.0,15.0,3.6,12.27,12
40126044,0.0,39.0,38.0,35.0,40.0,40,29.0,25.0,5.0,15.66,12
40126045,40.0,37.0,38.0,0.0,40.0,40,30.0,0.0,7.0,18.25,12
40126047,40.0,38.0,8.0,0.0,35.0,40,29.0,37.0,5.9,15.07,12
40126048,40.0,39.0,38.0,40.0,0.0,40,38.0,20.0,6.4,16.549999999999997,12
40126077,40.0,37.0,34.0,36.0,0.0,40,0.0,37.0,2.4,6.140000000000001,12
40126078,26.0,39.0,38.0,0.0,35.0,40,30.0,37.0,4.8,13.55,12
40126079,0.0,39.0,38.0,40.0,35.0,40,40.0,0.0,4.0,9.52,12
40126080,35.0,37.0,38.0,40.0,35.0,40,35.0,37.0,3.5,13.370000000000001,12
40126440,25.0,0.0,38.0,40.0,30.0,40,35.0,25.0,3.4,8.23,12
40129017,40.0,39.0,37.0,40.0,35.0,40,38.0,37.0,4.9,13.860000000000001,12
40129020,40.0,0.0,0.0,0.0,35.0,40,0.0,0.0,4.0,5.15,12
40129030,40.0,38.0,40.0,40.0,40.0,40,38.0,40.0,6.8,15.86,12
40129037,40.0,37.0,37.0,40.0,40.0,40,38.0,40.0,1.5,6.92,12
40129040,22.0,37.0,30.0,40.0,0.0,40,38.0,25.0,1.6,3.92,12
40129041,39.0,18.0,40.0,20.0,35.0,40,40.0,0.0,3.8,6.619999999999999,12
40129048,40.0,19.0,0.0,0.0,0.0,40,0.0,0.0,4.8,9.79,12
40131061,40.0,39.0,40.0,40.0,40.0,40,38.0,40.0,6.1,18.27,12
40131433,0.0,0.0,0.0,0.0,0.0,40,0.0,0.0,0.0,0.4,12
40131904,0.0,30.0,38.0,40.0,40.0,40,35.0,40.0,5.6,14.229999999999999,12
40139006,40.0,39.0,40.0,40.0,40.0,40,0.0,40.0,4.1,6.99,12
40139007,39.0,36.0,38.0,36.0,40.0,40,30.0,40.0,4.3,11.09,12
40139008,40.0,39.0,40.0,40.0,40.0,40,29.0,40.0,0.0,8.48,12
40139010,40.0,39.0,38.0,35.0,40.0,40,29.0,40.0,0.0,7.71,12
40139012,40.0,37.0,30.0,40.0,40.0,40,38.0,35.0,5.8,14.8,12
40139014,23.0,40.0,38.0,40.0,0.0,40,29.0,39.0,5.1,11.99,12
40139015,40.0,39.0,0.0,40.0,40.0,40,35.0,40.0,5.5,16.240000000000002,12
40139016,35.0,20.0,37.0,40.0,35.0,40,25.0,20.0,4.5,9.72,12
40139017,40.0,30.0,38.0,36.0,40.0,40,22.0,40.0,4.3,11.059999999999999,12
40139018,25.0,37.0,40.0,40.0,40.0,40,29.0,40.0,3.5,6.91,12
40139021,25.0,39.0,0.0,0.0,40.0,40,30.0,40.0,2.4,4.84,12
40139022,40.0,39.0,40.0,40.0,40.0,40,29.0,40.0,5.2,8.68,12
40139023,40.0,39.0,40.0,40.0,40.0,40,29.0,40.0,2.6,6.08,12
40139024,40.0,37.0,35.0,40.0,35.0,40,30.0,40.0,0.9,3.87,12
40139025,30.0,0.0,39.0,40.0,40.0,40,37.0,37.0,2.6,8.629999999999999,12
40139026,40.0,39.0,40.0,40.0,40.0,40,30.0,40.0,2.0,5.09,12
40139027,40.0,37.0,38.0,40.0,0.0,40,38.0,40.0,5.3,9.33,12
40139028,40.0,37.0,37.0,40.0,40.0,40,40.0,40.0,1.4,5.84,12
40139030,40.0,39.0,40.0,40.0,40.0,40,29.0,40.0,3.9,9.98,12
40139031,40.0,39.0,40.0,36.0,40.0,40,29.0,37.0,2.1,7.709999999999999,12
40139032,40.0,20.0,40.0,40.0,40.0,40,29.0,0.0,0.0,3.89,12
40139035,32.0,37.0,37.0,40.0,40.0,40,40.0,40.0,1.3,4.36,12
40139036,5.0,0.0,37.0,40.0,40.0,40,0.0,40.0,0.0,2.62,12
40027019,0.0,0.0,0.0,0.0,0.0,40,0.0,0.0,0.0,0.4,4
40111003,0.0,28.0,40.0,40.0,0.0,40,30.0,38.0,5.8,12.26,4
40111004,0.0,0.0,0.0,0.0,0.0,40,0.0,0.0,2.3,3.0,4
40111005,0.0,28.0,30.0,0.0,0.0,40,0.0,0.0,4.2,5.18,4
40111008,0.0,39.0,38.0,40.0,40.0,40,40.0,40.0,5.6,12.969999999999999,4
40111012,40.0,36.0,38.0,36.0,0.0,40,40.0,40.0,4.7,9.8,4
40111013,17.0,0.0,40.0,0.0,0.0,40,0.0,0.0,2.0,7.87,4
40111014,37.0,39.0,40.0,40.0,0.0,40,40.0,40.0,6.0,13.26,4
40111022,25.0,29.0,40.0,36.0,0.0,40,30.0,38.0,2.9,8.08,4
40111038,20.0,29.0,0.0,40.0,0.0,40,0.0,39.0,1.5,7.779999999999999,4
40111039,40.0,39.0,32.0,0.0,0.0,40,40.0,38.0,5.6,10.79,4
40111040,15.0,17.0,40.0,40.0,40.0,40,30.0,0.0,2.5,4.720000000000001,4
40111042,37.0,22.0,40.0,30.0,0.0,40,0.0,35.0,4.7,10.74,4
40111043,0.0,0.0,40.0,40.0,0.0,40,0.0,39.0,1.6,3.1900000000000004,4
40111044,40.0,39.0,34.0,36.0,40.0,40,30.0,40.0,7.0,13.89,4
40124021,0.0,29.0,37.0,40.0,35.0,40,40.0,40.0,4.2,11.309999999999999,4
40126442,25.0,32.0,38.0,40.0,30.0,40,32.0,40.0,1.1,6.27,4
40128049,35.0,24.0,0.0,40.0,0.0,40,40.0,40.0,1.3,3.49,4
40128053,25.0,37.0,38.0,40.0,0.0,40,37.0,25.0,0.0,2.42,4
40128055,32.0,29.0,38.0,0.0,0.0,40,29.0,37.0,0.0,3.15,4
40128056,32.0,29.0,38.0,35.0,35.0,40,32.0,25.0,0.85,7.609999999999999,4
40128057,25.0,29.0,38.0,0.0,35.0,40,38.0,40.0,0.325,2.9750000000000005,4
40128061,37.0,35.0,38.0,35.0,40.0,40,38.0,37.0,3.4,12.6,4
40129410,37.0,37.0,38.0,40.0,40.0,40,29.0,39.0,0.75,6.05,4
40129411,40.0,29.0,39.0,0.0,35.0,40,0.0,39.0,1.0,3.72,4
40129412,22.0,36.0,30.0,40.0,30.0,40,29.0,39.0,0.6,3.4600000000000004,4
40129413,37.0,27.0,36.0,40.0,30.0,40,40.0,40.0,5.4,9.9,4
40129414,27.0,38.0,0.0,40.0,35.0,40,29.0,39.0,3.2,8.379999999999999,4
40129415,37.0,27.0,38.0,40.0,40.0,40,0.0,40.0,4.2,13.52,4
40129416,40.0,29.0,34.0,40.0,40.0,40,29.0,39.0,3.9,12.71,4
40129417,0.0,0.0,0.0,0.0,35.0,40,29.0,0.0,0.0,1.84,4
40130002,40.0,37.0,38.0,40.0,37.0,40,38.0,38.0,1.1,4.18,4
40130004,40.0,37.0,30.0,40.0,0.0,40,40.0,40.0,0.4,3.07,4
40130010,0.0,37.0,33.0,40.0,0.0,40,37.0,40.0,0.3,5.67,4
40130016,0.0,27.0,30.0,0.0,0.0,40,38.0,15.0,0.3,1.8,4
40130026,0.0,37.0,0.0,0.0,0.0,40,40.0,0.0,0.0,1.17,4
40130032,40.0,36.0,38.0,40.0,35.0,40,32.0,37.0,0.4,3.38,4
40130033,35.0,35.0,38.0,40.0,35.0,40,30.0,40.0,2.5,9.63,4
40131005,32.0,37.0,38.0,40.0,0.0,40,38.0,30.0,4.9,11.15,4
40131006,25.0,39.0,38.0,40.0,35.0,40,35.0,40.0,6.4,15.12,4
40131008,40.0,39.0,0.0,40.0,40.0,40,38.0,25.0,4.4,8.82,4
40131009,40.0,37.0,38.0,40.0,40.0,40,29.0,40.0,5.9,15.340000000000002,4
40131010,25.0,39.0,38.0,40.0,40.0,40,35.0,0.0,6.8,17.37,4
40131011,25.0,39.0,35.0,40.0,0.0,40,35.0,40.0,5.5,10.54,4
40131013,40.0,38.0,38.0,40.0,0.0,40,40.0,40.0,6.2,12.559999999999999,4
40131014,35.0,37.0,38.0,36.0,0.0,40,0.0,39.0,6.0,11.45,4
40131015,37.0,38.0,37.0,40.0,0.0,40,40.0,40.0,4.5,9.620000000000001,4
40131016,40.0,40.0,38.0,40.0,40.0,40,40.0,39.0,6.0,18.17,4
40131416,37.0,37.0,38.0,0.0,0.0,40,0.0,40.0,1.3,4.22,4
40131417,15.0,0.0,0.0,0.0,0.0,40,38.0,37.0,0.2,2.3000000000000003,4
40131418,37.0,39.0,38.0,40.0,40.0,40,38.0,40.0,6.0,15.92,4
40131419,37.0,23.0,38.0,40.0,40.0,40,38.0,40.0,6.1,15.659999999999998,4
40131434,0.0,40.0,0.0,0.0,0.0,40,0.0,0.0,0.0,0.8,4
40134405,28.0,30.0,0.0,40.0,0.0,40,30.0,25.0,3.5,11.83,4
40134406,37.0,36.0,0.0,0.0,35.0,40,30.0,25.0,2.4,6.93,4
40134407,37.0,39.0,38.0,36.0,30.0,40,30.0,0.0,4.8,9.899999999999999,4
40134408,13.0,36.0,38.0,0.0,0.0,40,26.0,25.0,1.5,6.18,4
40134409,0.0,20.0,32.0,40.0,0.0,40,30.0,30.0,3.7,10.620000000000001,4
40134410,37.0,38.0,35.0,40.0,0.0,40,30.0,25.0,2.3,8.05,4
40134411,37.0,38.0,38.0,35.0,35.0,40,30.0,30.0,2.0,6.23,4
40134412,15.0,0.0,0.0,36.0,0.0,40,30.0,0.0,0.0,1.21,4
40134413,23.0,30.0,38.0,40.0,35.0,40,30.0,35.0,2.1,8.51,4
40139408,20.0,8.0,0.0,40.0,0.0,40,0.0,0.0,1.35,2.7300000000000004,4
40139410,40.0,29.0,38.0,40.0,0.0,40,37.0,30.0,4.25,9.29,4
40139411,0.0,0.0,38.0,40.0,0.0,40,0.0,25.0,0.9,5.13,4
40139412,20.0,40.0,40.0,40.0,0.0,40,38.0,39.0,1.7,6.62,4
40033115,34.0,37.0,38.0,40.0,35.0,40,22.0,40.0,2.3,7.36,4
40123018,37.0,37.0,40.0,40.0,40.0,40,37.0,37.0,5.3,13.780000000000001,4
40123042,34.0,39.0,40.0,40.0,40.0,40,38.0,40.0,6.3,16.71,4
40123047,40.0,39.0,39.0,40.0,40.0,40,37.0,40.0,6.7,18.05,4
40123052,37.0,38.0,40.0,39.0,40.0,40,29.0,25.0,6.2,13.08,4
40123054,34.0,33.0,38.0,40.0,40.0,40,38.0,37.0,4.5,13.3,4
40123057,40.0,39.0,38.0,40.0,40.0,40,40.0,35.0,6.8,16.62,4
40123063,25.0,38.0,36.0,40.0,40.0,40,29.0,0.0,5.0,14.38,4
40123068,40.0,27.0,36.0,40.0,40.0,40,40.0,0.0,6.3,17.73,4
40123072,37.0,37.0,32.0,37.0,35.0,40,30.0,40.0,6.9,17.58,4
40123084,37.0,39.0,39.0,40.0,40.0,40,40.0,40.0,6.8,18.95,4
40123090,27.0,37.0,36.0,40.0,40.0,40,32.0,25.0,5.6,15.87,4
40125002,29.0,37.0,34.0,0.0,35.0,40,30.0,40.0,2.1,9.55,4
40125005,37.0,0.0,36.0,40.0,0.0,40,0.0,39.0,5.3,11.620000000000001,4
40125008,28.0,37.0,37.0,35.0,35.0,40,30.0,40.0,4.4,13.52,4
40125009,37.0,37.0,37.0,38.0,35.0,40,37.0,40.0,2.4,10.11,4
40125013,40.0,36.0,40.0,40.0,35.0,40,35.0,40.0,6.7,15.46,4
40125016,25.0,0.0,38.0,40.0,35.0,40,38.0,40.0,2.0,6.96,4
40126050,40.0,37.0,40.0,40.0,40.0,40,29.0,40.0,5.2,17.26,4
40126051,37.0,0.0,0.0,0.0,40.0,40,40.0,0.0,3.3,8.57,4
40126052,40.0,39.0,38.0,40.0,40.0,40,37.0,37.0,6.5,18.11,4
40126053,37.0,37.0,38.0,40.0,40.0,40,38.0,40.0,5.6,16.7,4
40126056,25.0,39.0,38.0,40.0,35.0,40,37.0,38.0,4.8,15.719999999999999,4
40126058,40.0,40.0,40.0,40.0,40.0,40,38.0,40.0,6.2,16.28,4
40126059,40.0,0.0,38.0,0.0,35.0,40,29.0,37.0,5.7,13.39,4
40126060,40.0,37.0,38.0,40.0,40.0,40,37.0,40.0,2.9,13.72,4
40126062,37.0,38.0,38.0,40.0,0.0,40,0.0,0.0,6.8,14.93,4
40126063,40.0,37.0,0.0,0.0,35.0,40,37.0,37.0,6.8,17.259999999999998,4
40126064,40.0,39.0,0.0,40.0,40.0,40,40.0,40.0,2.7,12.489999999999998,4
40126065,37.0,39.0,40.0,40.0,40.0,40,38.0,40.0,6.0,17.84,4
40126066,0.0,19.0,0.0,40.0,35.0,40,35.0,0.0,4.5,11.39,4
40126430,37.0,39.0,34.0,40.0,40.0,40,35.0,39.0,5.7,14.84,4
40126431,37.0,0.0,38.0,40.0,34.0,40,30.0,38.0,2.0,8.87,4
40126432,37.0,38.0,32.0,40.0,35.0,40,37.0,25.0,4.4,12.84,4
40126433,40.0,39.0,38.0,40.0,0.0,40,40.0,40.0,2.1,6.67,4
40126434,40.0,38.0,0.0,40.0,35.0,40,35.0,40.0,1.4,5.98,4
40126435,37.0,38.0,38.0,0.0,35.0,40,35.0,37.0,4.6,9.2,4
40126436,37.0,38.0,37.0,40.0,35.0,40,30.0,37.0,2.8,6.34,4
40126437,0.0,39.0,36.0,40.0,35.0,40,32.0,0.0,3.3,8.82,4
40126438,40.0,38.0,38.0,40.0,35.0,40,37.0,40.0,3.5,13.08,4
40126439,37.0,37.0,38.0,40.0,40.0,40,35.0,40.0,2.7,8.17,4
40126444,23.0,37.0,0.0,35.0,35.0,40,35.0,40.0,4.1,10.55,4
40128007,0.0,0.0,32.0,0.0,0.0,40,25.0,40.0,1.1,2.67,4
40128013,0.0,0.0,0.0,0.0,0.0,40,0.0,0.0,1.8,4.9,4
40128035,32.0,37.0,38.0,40.0,35.0,40,37.0,0.0,2.0,6.39,4
40128038,15.0,39.0,38.0,0.0,22.5,40,10.0,25.0,0.0,3.0949999999999998,4
40128040,37.0,40.0,37.0,40.0,35.0,40,37.0,37.0,3.8,9.18,4
40128041,37.0,38.0,34.0,40.0,40.0,40,25.0,37.0,0.6,8.51,4
40128060,25.0,38.0,38.0,40.0,35.0,40,29.0,40.0,0.0,2.85,4
40128062,0.0,40.0,38.0,40.0,35.0,40,37.0,40.0,0.7,3.4000000000000004,4
40128065,24.0,38.0,38.0,40.0,35.0,40,38.0,40.0,0.4,5.430000000000001,4
40128066,0.0,38.0,40.0,40.0,38.0,40,37.0,40.0,2.7,11.629999999999999,4
40128067,0.0,0.0,38.0,35.0,40.0,40,37.0,40.0,2.6,5.1,4
40128072,30.0,37.0,38.0,40.0,40.0,40,29.0,25.0,0.5,3.29,4
40128074,27.0,38.0,38.0,35.0,40.0,40,29.0,25.0,0.5,3.22,4
40128076,37.0,30.0,40.0,40.0,40.0,40,35.0,37.0,1.4,5.890000000000001,4
40128078,23.0,30.0,0.0,0.0,0.0,40,0.0,0.0,0.9,2.0300000000000002,4
40128080,30.0,37.0,38.0,40.0,40.0,40,29.0,25.0,1.0,4.49,4
40131426,40.0,39.0,36.0,0.0,40.0,40,40.0,40.0,3.3,11.649999999999999,4
40131701,0.0,0.0,0.0,0.0,0.0,40,0.0,0.0,0.0,0.4,4
40131902,32.0,38.0,38.0,40.0,40.0,40,37.0,40.0,3.7,12.149999999999999,4
40122409,35.0,39.0,38.0,40.0,35.0,40,35.0,40.0,2.4,6.720000000000001,13
40122410,0.0,0.0,0.0,0.0,0.0,40,0.0,0.0,0.0,0.9,13
40122411,0.0,0.0,38.0,40.0,0.0,40,0.0,0.0,1.6,3.58,13
40122412,20.0,0.0,38.0,0.0,35.0,40,32.0,37.0,0.0,3.02,13
40122413,0.0,40.0,38.0,40.0,35.0,40,0.0,20.0,2.0,7.63,13
40122414,38.0,39.0,0.0,40.0,35.0,40,35.0,40.0,2.6,11.47,13
40122415,20.0,40.0,0.0,40.0,0.0,40,33.0,40.0,0.7,3.13,13
40124007,0.0,35.0,18.0,32.0,40.0,40,17.0,40.0,5.4,11.32,13
40124010,0.0,0.0,38.0,0.0,0.0,40,0.0,0.0,0.0,0.98,13
40124011,35.0,39.0,40.0,40.0,40.0,40,15.0,38.0,6.1,16.57,13
40124023,28.0,0.0,0.0,33.0,0.0,40,0.0,0.0,0.2,3.71,13
40124024,35.0,38.0,0.0,36.0,40.0,40,40.0,40.0,3.5,9.69,13
40124025,0.0,0.0,0.0,0.0,0.0,40,0.0,0.0,2.0,4.699999999999999,13
40124026,40.0,39.0,38.0,40.0,40.0,40,0.0,38.0,6.5,15.25,13
40124027,30.0,34.0,20.0,0.0,40.0,40,0.0,20.0,6.2,14.940000000000001,13
40124028,35.0,32.0,20.0,35.0,35.0,40,2.0,40.0,4.9,8.190000000000001,13
40124046,0.0,17.0,38.0,40.0,40.0,40,35.0,40.0,1.7,7.6000000000000005,13
40124047,30.0,0.0,38.0,40.0,35.0,40,40.0,0.0,3.8,6.83,13
40124049,30.0,39.0,38.0,40.0,40.0,40,29.0,15.0,2.7,8.41,13
40124052,30.0,25.0,0.0,0.0,38.0,40,29.0,20.0,2.1,7.220000000000001,13
40124408,35.0,0.0,0.0,40.0,35.0,40,30.0,40.0,0.0,2.6,13
40128023,40.0,29.0,38.0,40.0,40.0,40,0.0,20.0,1.2,7.37,13
40128042,40.0,35.0,35.0,40.0,0.0,40,37.0,25.0,0.7,3.2199999999999998,13
40128045,40.0,0.0,38.0,40.0,38.0,40,38.0,25.0,0.5,3.09,13
40128046,0.0,40.0,0.0,40.0,35.0,40,29.0,40.0,0.8,7.64,13
40128048,0.0,31.0,38.0,36.0,0.0,40,0.0,0.0,0.0,1.75,13
40128051,40.0,0.0,0.0,37.0,40.0,40,27.0,40.0,0.0,3.14,13
40128052,35.0,34.0,40.0,40.0,38.0,40,37.0,20.0,5.1,12.239999999999998,13
40128058,27.0,0.0,38.0,36.0,0.0,40,38.0,40.0,0.0,2.19,13
40128059,0.0,0.0,0.0,0.0,0.0,40,0.0,0.0,2.1,3.1,13
40128075,40.0,32.0,0.0,0.0,0.0,40,38.0,0.0,0.9,2.4,13
40128091,40.0,33.0,0.0,36.0,0.0,40,32.0,40.0,3.9,11.11,13
40128093,40.0,32.0,32.0,40.0,40.0,40,38.0,40.0,3.9,13.32,13
40128094,25.0,39.0,38.0,0.0,0.0,40,0.0,37.0,0.0,2.89,13
40132018,40.0,37.0,38.0,40.0,40.0,40,37.0,0.0,2.5,7.720000000000001,13
40132019,35.0,40.0,40.0,36.0,35.0,40,40.0,40.0,3.1,10.86,13
40132024,35.0,39.0,38.0,40.0,37.0,40,40.0,20.0,2.3,10.59,13
40132025,30.0,39.0,38.0,40.0,35.0,40,40.0,38.0,5.3,14.600000000000001,13
40132028,40.0,39.0,37.0,40.0,40.0,40,40.0,38.0,0.4,3.64,13
40132029,40.0,39.0,40.0,35.0,35.0,40,40.0,38.0,1.9,9.870000000000001,13
40132031,0.0,0.0,0.0,0.0,0.0,40,0.0,0.0,0.0,0.4,13
40132032,30.0,39.0,0.0,36.0,30.0,40,40.0,40.0,4.9,14.35,13
40132034,32.0,18.0,0.0,40.0,30.0,40,37.0,0.0,0.2,5.87,13
40132035,40.0,39.0,0.0,36.0,30.0,40,40.0,40.0,1.3,9.450000000000001,13
40132038,40.0,40.0,0.0,40.0,40.0,40,40.0,40.0,3.8,12.2,13
40133004,20.0,39.0,38.0,40.0,35.0,40,22.0,40.0,3.9,10.790000000000001,13
40133005,35.0,32.0,40.0,36.0,40.0,40,29.0,25.0,0.6,6.57,13
40133007,20.0,39.0,38.0,40.0,0.0,40,29.0,40.0,4.9,13.56,13
40133012,35.0,39.0,33.0,35.0,35.0,40,35.0,0.0,3.0,7.62,13
40133016,21.0,37.0,36.0,35.0,40.0,40,29.0,20.0,3.6,10.08,13
40133028,35.0,34.0,38.0,38.0,40.0,40,29.0,40.0,4.8,14.440000000000001,13
40133032,25.0,39.0,38.0,0.0,35.0,40,37.0,0.0,6.4,14.040000000000001,13
40133034,33.0,32.0,35.0,36.0,40.0,40,29.0,40.0,2.7,9.649999999999999,13
40133035,25.0,39.0,36.0,36.0,35.0,40,40.0,40.0,4.7,13.61,13
40133037,32.0,38.0,38.0,35.0,35.0,40,29.0,37.0,4.3,11.54,13
40133039,0.0,0.0,38.0,0.0,0.0,40,0.0,0.0,4.0,6.18,13
40133040,40.0,39.0,37.0,20.0,40.0,40,40.0,40.0,3.7,13.16,13
40133041,40.0,30.0,35.0,40.0,40.0,40,35.0,40.0,3.8,11.399999999999999,13
40133047,32.0,40.0,38.0,40.0,30.0,40,40.0,25.0,6.3,11.149999999999999,13
40133049,35.0,39.0,38.0,0.0,35.0,40,38.0,0.0,4.1,12.15,13
40133050,22.0,20.0,32.0,0.0,0.0,40,29.0,0.0,1.8,3.23,13
40133052,27.0,39.0,38.0,40.0,37.5,40,37.0,0.0,3.4,13.385,13
40133054,33.0,39.0,0.0,36.0,34.0,40,0.0,0.0,5.7,10.02,13
40133056,38.0,39.0,38.0,40.0,35.0,40,38.0,40.0,6.1,14.38,13
40133059,0.0,0.0,0.0,0.0,0.0,40,0.0,0.0,0.0,0.4,13
40133060,0.0,0.0,0.0,0.0,40.0,40,27.0,40.0,6.9,15.07,13
40133061,35.0,39.0,37.0,40.0,35.0,40,35.0,25.0,3.1,7.459999999999999,13
40133064,0.0,39.0,34.0,33.0,30.0,40,0.0,40.0,6.1,16.759999999999998,13
40133077,40.0,39.0,40.0,40.0,35.0,40,40.0,40.0,5.5,12.54,13
40122011,35.0,26.0,40.0,0.0,20.0,40,35.0,34.0,4.9,14.200000000000001,9
40122012,37.0,25.0,40.0,35.0,35.0,40,35.0,34.0,2.5,5.3100000000000005,9
40122013,0.0,35.0,0.0,35.0,0.0,40,35.0,40.0,0.0,3.35,9
40122014,37.0,36.0,40.0,0.0,35.0,40,35.0,34.0,2.7,9.969999999999999,9
40122016,0.0,0.0,0.0,20.0,0.0,40,35.0,26.0,2.8,8.809999999999999,9
40122018,23.0,37.0,40.0,0.0,40.0,40,40.0,40.0,5.2,13.600000000000001,9
40122021,40.0,35.0,40.0,40.0,40.0,40,35.0,28.0,6.8,17.28,9
40122037,37.0,30.0,40.0,40.0,35.0,40,35.0,39.0,1.4,8.06,9
40122038,32.0,20.0,40.0,35.0,40.0,40,35.0,40.0,0.0,4.72,9
40122039,35.0,40.0,40.0,35.0,35.0,40,35.0,26.0,1.95,9.909999999999998,9
40122040,23.0,27.5,36.0,35.0,35.0,40,25.0,40.0,5.6,14.014999999999999,9
40122041,40.0,40.0,40.0,40.0,33.0,40,0.0,26.0,1.3,8.89,9
40122424,30.0,40.0,40.0,35.0,35.0,40,35.0,34.0,2.65,10.440000000000001,9
40122425,0.0,0.0,0.0,0.0,0.0,40,0.0,0.0,0.0,0.4,9
40122426,40.0,39.0,0.0,35.0,40.0,40,35.0,40.0,7.0,14.59,9
40122428,0.0,27.0,0.0,35.0,40.0,40,35.0,34.0,0.1,6.109999999999999,9
40122429,25.0,25.0,35.0,0.0,40.0,40,35.0,39.0,6.4,16.29,9
40122430,37.0,39.0,40.0,35.0,35.0,40,35.0,34.0,2.05,7.8999999999999995,9
40124012,37.0,40.0,40.0,35.0,40.0,40,35.0,26.0,4.7,13.030000000000001,9
40124013,40.0,39.0,40.0,0.0,0.0,40,0.0,0.0,0.5,2.09,9
40124015,37.0,35.0,40.0,35.0,30.0,40,35.0,40.0,3.5,10.620000000000001,9
40124016,40.0,26.5,40.0,35.0,25.0,40,35.0,40.0,5.3,14.315000000000001,9
40124017,0.0,0.0,0.0,0.0,0.0,40,0.0,0.0,0.0,0.4,9
40124018,37.0,37.0,40.0,35.0,35.0,40,0.0,22.0,5.7,16.96,9
40124051,15.0,36.0,18.0,25.0,35.0,40,35.0,0.0,5.1,12.94,9
40124053,0.0,0.0,0.0,5.0,0.0,40,0.0,0.0,5.4,12.850000000000001,9
40124054,25.0,27.0,40.0,20.0,10.0,40,35.0,26.0,3.5,9.33,9
40124056,37.0,37.0,40.0,35.0,40.0,40,35.0,34.0,6.1,15.18,9
40124057,0.0,38.0,40.0,30.0,35.0,40,40.0,40.0,0.1,9.53,9
40124058,22.0,18.0,0.0,35.0,35.0,40,35.0,0.0,2.0,6.65,9
40124059,0.0,0.0,30.0,40.0,30.0,40,0.0,0.0,4.9,11.5,9
40124060,20.0,39.0,0.0,35.0,40.0,40,35.0,40.0,2.7,6.19,9
40124061,0.0,31.0,40.0,0.0,40.0,40,0.0,0.0,4.6,10.709999999999999,9
40125039,0.0,0.0,0.0,0.0,0.0,40,0.0,0.0,5.9,10.9,9
40125046,40.0,35.0,40.0,40.0,35.0,40,40.0,40.0,5.1,16.1,9
40125047,35.0,35.0,40.0,40.0,0.0,40,35.0,40.0,4.7,12.55,9
40125048,37.0,23.0,40.0,40.0,25.0,40,35.0,40.0,3.4,7.3,9
40125051,37.0,33.0,40.0,35.0,40.0,40,35.0,40.0,5.4,13.9,9
40128083,40.0,30.0,35.0,30.0,25.0,40,25.0,26.0,3.4,7.91,9
40131017,40.0,40.0,0.0,0.0,40.0,40,35.0,40.0,3.6,9.25,9
40131018,35.0,30.0,35.0,35.0,25.0,40,40.0,32.0,7.0,16.32,9
40131019,27.0,38.0,40.0,35.0,40.0,40,35.0,40.0,7.0,18.75,9
40131020,40.0,36.0,40.0,35.0,40.0,40,40.0,40.0,7.0,19.11,9
40131024,37.0,39.0,38.0,35.0,40.0,40,40.0,32.0,3.2,6.21,9
40131025,0.0,35.0,40.0,25.0,35.0,40,35.0,40.0,5.6,11.3,9
40131027,0.0,35.0,40.0,0.0,40.0,40,0.0,40.0,7.0,14.95,9
40131028,37.0,35.5,34.0,30.0,40.0,40,35.0,40.0,7.0,18.915,9
40131029,40.0,32.0,40.0,40.0,40.0,40,35.0,40.0,4.8,11.870000000000001,9
40131030,20.0,27.0,30.0,35.0,40.0,40,35.0,0.0,4.2,11.77,9
40131059,0.0,0.0,0.0,0.0,0.0,40,0.0,0.0,4.9,11.0,9
40131903,0.0,38.0,40.0,40.0,35.0,40,35.0,0.0,1.4,8.98,9
40132011,0.0,30.0,40.0,40.0,25.0,40,40.0,40.0,3.4,9.85,9
40132014,37.0,28.5,35.0,40.0,25.0,40,40.0,40.0,3.45,7.605,9
40132016,37.0,36.5,36.0,35.0,35.0,40,40.0,40.0,7.0,16.995,9
40132017,15.0,0.0,32.0,0.0,0.0,40,30.0,40.0,3.1,8.870000000000001,9
40132040,0.0,0.0,0.0,40.0,0.0,40,0.0,0.0,0.55,2.8499999999999996,9
40132041,25.0,34.0,40.0,40.0,25.0,40,40.0,30.0,4.6,14.34,9
40132043,0.0,35.5,0.0,40.0,0.0,40,40.0,40.0,5.4,7.355,9
40132044,33.0,29.5,36.0,35.0,0.0,40,40.0,40.0,1.1,6.135,9
40132045,0.0,0.0,38.0,20.0,25.0,40,40.0,40.0,0.0,2.03,9
40132047,32.0,40.0,40.0,30.0,0.0,40,40.0,40.0,4.7,13.82,9
40132051,17.0,34.0,38.0,40.0,10.0,40,40.0,39.0,0.0,6.98,9
40132408,0.0,0.0,0.0,30.0,0.0,40,0.0,0.0,2.7,3.7,9
40132409,0.0,0.0,0.0,0.0,0.0,40,0.0,0.0,0.0,0.4,9
40132421,0.0,31.0,40.0,30.0,0.0,40,40.0,40.0,3.9,7.51,9
40132424,0.0,19.0,0.0,0.0,0.0,40,35.0,0.0,3.8,9.84,9
40133421,37.0,38.0,38.0,30.0,40.0,40,25.0,26.0,2.2,6.24,9
40133423,25.0,34.0,36.0,0.0,0.0,40,0.0,0.0,0.0,1.35,9
40133424,0.0,0.0,0.0,20.0,0.0,40,0.0,22.0,2.1,3.72,9
40133425,37.0,37.0,40.0,0.0,35.0,40,25.0,40.0,4.1,9.64,9
40133426,37.0,28.5,40.0,0.0,35.0,40,40.0,26.0,0.0,2.565,9
40133427,20.0,39.0,0.0,35.0,40.0,40,25.0,26.0,2.2,5.75,9
40133428,20.0,35.0,34.0,0.0,0.0,40,0.0,32.0,1.4,4.109999999999999,9
40133429,0.0,31.0,40.0,0.0,35.0,40,25.0,0.0,3.8,8.41,9
9933008,0.0,0.0,0.0,0.0,0.0,0,0.0,0.0,2.6,6.9,8
40111020,32.0,34.0,40.0,40.0,40.0,0,38.0,40.0,4.2,9.74,8
40111021,37.0,27.0,38.0,38.0,40.0,40,38.0,40.0,7.0,16.18,8
40111023,40.0,34.0,40.0,40.0,40.0,40,38.0,40.0,6.0,14.719999999999999,8
40111027,0.0,0.0,20.0,0.0,0.0,0,40.0,0.0,1.2,2.3,8
40111028,0.0,34.0,40.0,40.0,40.0,40,38.0,40.0,0.0,4.720000000000001,8
40111029,0.0,34.0,40.0,40.0,40.0,40,40.0,40.0,1.3,5.54,8
40111032,0.0,38.0,40.0,39.0,40.0,40,30.0,40.0,0.0,8.27,8
40111033,35.0,29.0,20.0,0.0,40.0,0,35.0,35.0,6.0,13.44,8
40111034,37.0,0.0,40.0,40.0,40.0,40,36.0,36.0,6.3,15.89,8
40111035,25.0,10.0,25.0,25.0,5.0,40,0.0,25.0,5.0,11.05,8
40111037,0.0,34.0,40.0,38.0,30.0,40,38.0,40.0,4.5,14.7,8
40111041,0.0,0.0,0.0,0.0,0.0,0,0.0,0.0,0.0,0.0,8
40111045,0.0,0.0,38.0,38.0,0.0,40,0.0,0.0,0.0,1.16,8
40111046,0.0,34.0,35.0,35.0,40.0,40,28.0,0.0,3.9,13.22,8
40111047,40.0,33.0,40.0,40.0,40.0,40,30.0,35.0,6.2,14.18,8
40123003,35.0,34.0,38.0,40.0,40.0,40,40.0,40.0,2.9,12.47,8
40123005,37.0,37.0,40.0,40.0,40.0,40,35.0,33.0,4.3,13.719999999999999,8
40123006,40.0,39.0,40.0,40.0,40.0,40,28.0,30.0,4.3,15.170000000000002,8
40123007,40.0,39.0,40.0,40.0,35.0,40,0.0,35.0,7.0,18.490000000000002,8
40123009,40.0,39.0,15.0,36.0,40.0,40,0.0,0.0,3.2,9.399999999999999,8
40123079,37.0,37.0,40.0,40.0,40.0,40,10.0,40.0,3.8,14.440000000000001,8
40123080,20.0,32.0,40.0,40.0,40.0,40,39.0,40.0,6.3,15.91,8
40123081,40.0,19.0,0.0,38.0,0.0,0,0.0,0.0,4.9,12.27,8
40123082,23.0,25.0,40.0,40.0,40.0,40,40.0,40.0,5.3,15.98,8
40123083,35.0,37.0,40.0,40.0,40.0,40,28.0,40.0,4.8,14.600000000000001,8
40123086,20.0,19.0,38.0,40.0,40.0,40,25.0,40.0,2.8,9.32,8
40123088,37.0,24.0,40.0,38.0,40.0,40,35.0,40.0,4.9,16.740000000000002,8
40123091,30.0,34.0,25.0,36.0,40.0,40,40.0,35.0,3.8,12.899999999999999,8
40123401,37.0,34.0,40.0,37.0,40.0,40,40.0,40.0,5.8,16.68,8
40123402,17.0,32.0,40.0,38.0,40.0,40,28.0,40.0,1.1,5.65,8
40123403,0.0,0.0,40.0,40.0,40.0,40,28.0,40.0,3.7,9.379999999999999,8
40123404,30.0,32.0,40.0,38.0,40.0,40,36.0,40.0,2.9,12.360000000000001,8
40123405,33.0,27.0,40.0,40.0,40.0,40,28.0,40.0,4.3,10.98,8
40123407,35.0,37.0,38.0,40.0,0.0,40,10.0,0.0,2.8,4.8,8
40123408,35.0,34.0,40.0,35.0,40.0,40,40.0,0.0,4.0,10.44,8
40123418,40.0,38.0,38.0,38.0,40.0,40,28.0,40.0,2.9,13.620000000000001,8
40123419,40.0,39.0,30.0,20.0,0.0,40,0.0,0.0,6.7,13.59,8
40123420,0.0,0.0,0.0,40.0,40.0,40,0.0,0.0,0.0,2.3,8
40123421,40.0,38.0,40.0,40.0,0.0,40,40.0,40.0,7.0,15.48,8
40123422,37.0,39.0,40.0,40.0,40.0,40,35.0,40.0,7.0,18.11,8
40123437,37.0,39.0,38.0,0.0,0.0,0,0.0,0.0,0.0,1.14,8
40126003,40.0,19.0,38.0,0.0,0.0,40,35.0,0.0,2.9,8.32,8
40126015,0.0,0.0,0.0,0.0,0.0,0,0.0,0.0,0.0,0.0,8
40126018,37.0,38.0,0.0,38.0,40.0,40,5.0,40.0,4.6,12.979999999999999,8
40126019,0.0,39.0,40.0,0.0,40.0,40,32.0,0.0,2.7,9.91,8
40126020,15.0,0.0,0.0,0.0,0.0,0,0.0,0.0,2.3,2.4499999999999997,8
40126021,0.0,37.0,0.0,0.0,40.0,40,28.0,40.0,3.9,7.25,8
40126022,40.0,32.0,40.0,40.0,40.0,40,35.0,40.0,5.6,14.57,8
40126023,27.0,10.0,0.0,40.0,40.0,40,40.0,40.0,4.4,10.67,8
40126024,40.0,10.0,40.0,38.0,40.0,40,35.0,35.0,3.2,11.18,8
40126025,35.0,38.0,40.0,38.0,40.0,40,23.0,40.0,4.3,12.14,8
40126026,33.0,22.0,30.0,38.0,0.0,40,28.0,24.0,4.3,11.350000000000001,8
40126027,40.0,40.0,40.0,40.0,40.0,40,35.0,40.0,5.5,13.65,8
40126028,35.0,32.0,40.0,0.0,40.0,40,10.0,0.0,5.0,13.77,8
40126029,30.0,27.0,40.0,40.0,40.0,40,28.0,18.0,3.5,9.48,8
40126030,35.0,33.0,38.0,36.0,0.0,40,35.0,0.0,6.1,16.67,8
40126031,0.0,0.0,0.0,0.0,0.0,0,30.0,0.0,4.2,8.5,8
40126441,25.0,0.0,0.0,40.0,20.0,40,40.0,32.0,1.5,8.27,8
40126443,20.0,34.0,40.0,30.0,40.0,40,29.0,32.0,3.1,11.75,8
40128047,37.0,34.0,30.0,40.0,30.0,40,39.0,40.0,5.4,14.1,8
40130005,37.0,36.0,0.0,32.0,0.0,40,20.0,34.0,2.5,7.69,8
40130007,0.0,37.0,40.0,40.0,40.0,0,35.0,0.0,0.0,1.92,8
40131406,40.0,24.0,38.0,40.0,40.0,40,39.0,40.0,3.5,9.91,8
40131407,35.0,27.0,25.0,37.0,40.0,40,40.0,40.0,5.7,13.84,8
40131408,0.0,0.0,40.0,37.0,40.0,40,33.0,33.0,3.6,7.23,8
40131409,0.0,36.0,40.0,40.0,0.0,40,30.0,0.0,5.4,8.96,8
40131410,35.0,37.0,38.0,40.0,40.0,40,0.0,31.0,4.1,11.709999999999999,8
40131411,40.0,39.0,40.0,40.0,40.0,40,30.0,40.0,5.1,14.79,8
40131412,40.0,32.0,38.0,38.0,0.0,40,35.0,40.0,7.0,16.33,8
40132015,20.0,33.0,40.0,37.0,35.0,40,30.0,0.0,2.6,5.95,8
40030016,0.0,0.0,0.0,0.0,0.0,0,0.0,0.0,0.0,0.0,3
40123051,0.0,0.0,0.0,0.0,0.0,0,0.0,0.0,2.2,2.2,3
40123053,32.0,23.0,2.0,0.0,35.0,40,29.0,40.0,4.0,9.809999999999999,3
40123055,38.0,37.0,38.0,40.0,40.0,40,29.0,40.0,4.9,15.120000000000001,3
40123058,35.0,39.0,37.0,40.0,40.0,40,29.0,40.0,5.5,17.5,3
40123059,37.0,39.0,35.0,40.0,40.0,40,40.0,35.0,4.3,13.559999999999999,3
40123060,40.0,18.0,35.0,24.0,40.0,40,33.0,22.0,5.3,11.82,3
40123062,40.0,37.0,37.0,40.0,40.0,40,29.0,40.0,4.4,13.43,3
40123064,25.0,37.0,30.0,40.0,40.0,40,38.0,40.0,5.1,14.0,3
40123066,37.0,39.0,35.0,40.0,40.0,40,30.0,25.0,6.2,15.86,3
40123067,28.0,37.0,25.0,36.0,40.0,40,38.0,40.0,4.9,13.94,3
40123069,40.0,39.0,38.0,40.0,40.0,40,29.0,35.0,6.2,17.61,3
40123071,35.0,39.0,38.0,40.0,38.0,40,22.0,40.0,6.9,18.82,3
40123075,35.0,39.0,38.0,40.0,40.0,40,29.0,30.0,5.3,13.01,3
40123077,37.0,39.0,34.0,0.0,40.0,40,27.0,40.0,5.5,11.67,3
40123078,37.0,39.0,37.0,36.0,33.0,40,15.0,40.0,5.1,14.27,3
40123429,40.0,39.0,40.0,40.0,40.0,40,40.0,35.0,7.0,16.939999999999998,3
40123430,20.0,0.0,35.0,0.0,40.0,0,0.0,40.0,5.2,10.55,3
40123431,35.0,37.0,38.0,40.0,35.0,40,38.0,40.0,3.4,9.93,3
40123432,35.0,36.0,38.0,40.0,35.0,40,35.0,40.0,2.4,7.49,3
40123433,40.0,18.0,0.0,40.0,35.0,40,30.0,0.0,6.5,15.23,3
40123434,40.0,37.0,38.0,0.0,0.0,40,30.0,0.0,5.3,11.05,3
40123435,35.0,40.0,37.0,40.0,40.0,40,35.0,40.0,5.2,10.67,3
40123436,35.0,40.0,40.0,40.0,40.0,40,35.0,40.0,4.8,9.899999999999999,3
40123439,20.0,37.0,0.0,0.0,0.0,0,0.0,0.0,0.0,0.57,3
40125420,0.0,37.0,0.0,0.0,35.0,0,0.0,40.0,4.2,7.970000000000001,3
40125421,0.0,39.0,36.0,40.0,30.0,40,38.0,20.0,4.5,12.53,3
40125422,0.0,0.0,0.0,0.0,40.0,40,0.0,40.0,1.5,2.7,3
40125423,0.0,37.0,0.0,40.0,35.0,40,30.0,40.0,0.0,2.22,3
40125424,0.0,30.0,37.0,40.0,35.0,40,30.0,40.0,0.2,2.72,3
40126415,37.0,37.0,38.0,36.0,38.0,40,37.0,40.0,4.3,11.23,3
40126416,38.0,39.0,39.0,40.0,40.0,40,37.0,40.0,4.4,12.33,3
40126417,23.0,39.0,40.0,40.0,40.0,0,0.0,40.0,0.0,4.52,3
40126418,37.0,37.0,39.0,32.0,40.0,0,0.0,0.0,1.1,2.95,3
40126419,27.0,0.0,35.0,33.0,40.0,40,37.0,40.0,1.7,9.319999999999999,3
40126420,32.0,37.0,30.0,40.0,35.0,40,37.0,40.0,4.5,9.61,3
40126422,0.0,38.0,34.0,36.0,35.0,40,35.0,20.0,2.0,5.88,3
40126423,30.0,30.0,28.0,40.0,40.0,40,35.0,35.0,6.1,16.479999999999997,3
40126424,20.0,36.0,28.0,36.0,33.0,40,38.0,20.0,4.6,8.91,3
40126425,0.0,36.0,38.0,40.0,33.0,40,30.0,0.0,2.7,10.77,3
40126426,0.0,0.0,0.0,0.0,0.0,0,0.0,0.0,4.0,6.0,3
40126427,27.0,35.0,37.0,40.0,0.0,40,0.0,0.0,6.0,11.99,3
40128084,40.0,36.0,37.0,40.0,40.0,40,29.0,24.0,1.1,7.959999999999999,3
40128085,40.0,30.0,30.0,36.0,30.0,40,30.0,40.0,0.3,3.26,3
40130001,33.0,28.0,38.0,40.0,38.0,40,37.0,40.0,0.0,5.140000000000001,3
40130006,30.0,37.0,38.0,40.0,40.0,40,37.0,40.0,3.5,8.219999999999999,3
40130012,0.0,37.0,36.0,37.0,0.0,40,37.0,40.0,2.5,6.07,3
40130014,0.0,0.0,0.0,0.0,0.0,0,0.0,0.0,0.0,0.0,3
40130018,35.0,39.0,38.0,40.0,0.0,40,37.0,0.0,0.0,5.49,3
40131002,40.0,38.0,38.0,40.0,37.0,40,40.0,40.0,5.3,17.43,3
40131003,40.0,0.0,40.0,28.0,40.0,40,35.0,40.0,5.7,15.629999999999999,3
40131043,35.0,39.0,39.0,40.0,38.0,40,40.0,40.0,4.35,13.959999999999999,3
40131045,40.0,39.0,36.0,40.0,38.0,40,40.0,40.0,5.8,17.93,3
40131046,32.0,30.0,30.0,0.0,40.0,40,29.0,40.0,4.7,15.41,3
40131047,0.0,40.0,40.0,40.0,40.0,40,40.0,40.0,7.0,18.1,3
40131048,38.0,33.0,38.0,40.0,35.0,40,32.0,40.0,6.7,18.66,3
40131050,35.0,28.0,38.0,40.0,40.0,40,29.0,40.0,6.2,17.400000000000002,3
40131051,40.0,38.0,30.0,32.0,37.0,40,32.0,40.0,4.6,10.89,3
40131053,35.0,38.0,32.0,40.0,40.0,0,38.0,40.0,5.6,15.229999999999999,3
40131054,40.0,39.0,38.0,36.0,40.0,40,29.0,40.0,2.7,10.920000000000002,3
40131055,40.0,40.0,40.0,40.0,40.0,40,40.0,40.0,7.0,18.5,3
40131058,37.0,37.0,30.0,40.0,40.0,0,29.0,0.0,5.0,14.030000000000001,3
40132022,37.0,30.0,38.0,34.0,28.0,40,40.0,35.0,0.4,3.82,3
40132407,35.0,30.0,38.0,36.0,25.0,40,40.0,40.0,6.0,12.44,3
40132410,30.0,39.0,35.0,37.0,23.0,40,14.0,40.0,3.5,11.379999999999999,3
40132411,30.0,38.0,38.0,35.0,25.0,40,40.0,40.0,2.1,8.91,3
40132415,35.0,33.0,40.0,40.0,40.0,40,40.0,40.0,2.3,7.4799999999999995,3
40132422,40.0,30.0,30.0,40.0,35.0,40,40.0,40.0,5.3,13.05,3
40132423,40.0,40.0,0.0,0.0,25.0,40,34.0,0.0,0.5,2.29,3
40132425,35.0,33.0,40.0,36.0,40.0,40,40.0,36.0,6.8,14.7,3
40033114,0.0,0.0,40.0,38.0,35.0,40,32.0,0.0,0.2,2.0500000000000003,2
40111026,0.0,0.0,0.0,36.0,40.0,40,40.0,40.0,1.4,6.859999999999999,2
40111030,0.0,0.0,0.0,40.0,40.0,30,30.0,0.0,0.7,2.0999999999999996,2
40111031,0.0,0.0,0.0,0.0,35.0,40,0.0,0.0,0.3,1.85,2
40122022,0.0,0.0,40.0,0.0,0.0,35,0.0,0.0,3.1,5.95,2
40122023,0.0,0.0,0.0,38.0,15.0,0,40.0,32.0,2.6,5.75,2
40122024,0.0,0.0,40.0,32.0,40.0,0,20.0,24.0,4.9,7.16,2
40122026,0.0,0.0,34.0,0.0,40.0,40,30.0,40.0,0.2,2.24,2
40122028,0.0,0.0,0.0,38.0,35.0,0,30.0,38.0,1.0,2.81,2
40122029,0.0,0.0,0.0,34.0,35.0,38,0.0,40.0,0.0,2.5700000000000003,2
40122030,0.0,0.0,40.0,38.0,35.0,40,32.0,40.0,4.4,11.95,2
40122031,0.0,0.0,0.0,38.0,35.0,0,0.0,40.0,3.7,8.129999999999999,2
40122042,0.0,0.0,36.0,36.0,40.0,40,25.0,36.0,4.3,9.829999999999998,2
40122401,0.0,0.0,40.0,38.0,35.0,40,32.0,38.0,1.2,5.03,2
40122402,0.0,0.0,0.0,0.0,40.0,40,15.0,0.0,1.7,3.55,2
40122403,0.0,0.0,40.0,40.0,40.0,40,30.0,40.0,2.8,9.7,2
40122405,0.0,0.0,40.0,0.0,35.0,38,0.0,0.0,0.0,1.13,2
40122406,0.0,0.0,38.0,38.0,40.0,40,30.0,40.0,4.7,9.559999999999999,2
40122407,0.0,0.0,0.0,38.0,0.0,0,40.0,40.0,0.95,2.9299999999999997,2
40122408,0.0,0.0,40.0,40.0,35.0,40,20.0,40.0,2.3,4.449999999999999,2
40123037,0.0,0.0,40.0,35.0,35.0,30,30.0,40.0,5.3,12.2,2
40123038,0.0,0.0,28.0,38.0,40.0,0,0.0,0.0,6.05,12.41,2
40123041,0.0,0.0,0.0,0.0,0.0,0,0.0,0.0,6.9,14.2,2
40123044,0.0,0.0,40.0,35.0,35.0,40,30.0,34.0,4.1,14.540000000000001,2
40123045,0.0,0.0,0.0,40.0,40.0,40,30.0,0.0,2.7,5.1,2
40123046,0.0,0.0,38.0,40.0,0.0,40,32.0,0.0,4.9,12.2,2
40123049,0.0,0.0,38.0,38.0,35.0,40,40.0,36.0,6.8,17.97,2
40123056,0.0,0.0,30.0,40.0,40.0,40,20.0,40.0,6.7,14.0,2
40123061,0.0,0.0,0.0,38.0,0.0,0,0.0,0.0,6.7,12.48,2
40123065,0.0,0.0,0.0,38.0,0.0,40,0.0,0.0,4.0,10.08,2
40123070,0.0,0.0,0.0,39.0,40.0,40,0.0,34.0,6.8,14.629999999999999,2
40123073,0.0,0.0,40.0,38.0,35.0,40,32.0,34.0,4.7,12.489999999999998,2
40123074,0.0,0.0,10.0,15.0,40.0,40,10.0,34.0,5.9,14.39,2
40123085,0.0,0.0,40.0,36.0,0.0,40,30.0,40.0,5.1,13.459999999999999,2
40123087,0.0,0.0,0.0,0.0,35.0,40,0.0,0.0,3.9,7.449999999999999,2
40123409,0.0,0.0,20.0,0.0,0.0,0,0.0,0.0,1.2,1.4,2
40123410,0.0,0.0,0.0,0.0,0.0,0,0.0,0.0,1.3,1.3,2
40123411,0.0,0.0,40.0,38.0,35.0,40,0.0,40.0,3.1,8.33,2
40123413,0.0,0.0,40.0,40.0,40.0,40,32.0,40.0,3.5,10.52,2
40123414,0.0,0.0,0.0,0.0,0.0,0,0.0,0.0,0.2,4.3,2
40123415,0.0,0.0,0.0,0.0,40.0,40,40.0,40.0,6.8,16.2,2
40123416,0.0,0.0,38.0,34.0,35.0,40,20.0,20.0,1.4,7.77,2
40123423,0.0,0.0,35.0,25.0,0.0,40,40.0,0.0,5.1,11.9,2
40128003,0.0,0.0,40.0,38.0,35.0,40,32.0,18.0,3.1,6.13,2
40128050,0.0,0.0,0.0,0.0,0.0,0,0.0,0.0,3.5,4.2,2
40129001,0.0,0.0,36.0,40.0,38.0,40,0.0,40.0,6.0,14.34,2
40129002,0.0,0.0,0.0,36.0,40.0,0,40.0,40.0,0.0,1.56,2
40129003,0.0,0.0,40.0,38.0,40.0,40,30.0,40.0,2.5,4.779999999999999,2
40129004,0.0,0.0,40.0,40.0,35.0,40,20.0,40.0,3.7,10.149999999999999,2
40129007,0.0,0.0,38.0,0.0,0.0,0,0.0,0.0,3.8,8.48,2
40129009,0.0,0.0,10.0,25.0,0.0,0,30.0,40.0,4.4,8.45,2
40129010,0.0,0.0,0.0,0.0,0.0,0,0.0,0.0,1.0,6.1,2
40129011,0.0,0.0,40.0,38.0,35.0,40,30.0,0.0,2.1,7.130000000000001,2
40129012,0.0,0.0,40.0,40.0,40.0,40,40.0,40.0,4.9,11.5,2
40129013,0.0,0.0,40.0,38.0,40.0,35,30.0,34.0,0.0,2.17,2
40129014,0.0,0.0,40.0,36.0,40.0,40,30.0,40.0,3.9,13.66,2
40129021,0.0,0.0,0.0,0.0,0.0,0,0.0,0.0,6.8,12.6,2
40129022,0.0,0.0,40.0,38.0,40.0,40,25.0,24.0,0.0,2.07,2
40129023,0.0,0.0,38.0,35.0,40.0,40,30.0,40.0,4.3,12.23,2
40129025,0.0,0.0,40.0,38.0,40.0,40,0.0,36.0,4.5,15.04,2
40129028,0.0,0.0,38.0,38.0,40.0,40,40.0,40.0,3.8,9.26,2
40129047,0.0,0.0,0.0,0.0,0.0,0,0.0,0.0,6.8,12.8,2
40131063,0.0,0.0,32.0,40.0,40.0,0,40.0,40.0,3.9,12.520000000000001,2
40132401,0.0,0.0,36.0,38.0,40.0,40,30.0,40.0,2.1,9.34,2
40132402,0.0,0.0,36.0,37.0,40.0,40,40.0,0.0,4.9,12.73,2
40132405,0.0,0.0,40.0,38.0,35.0,40,32.0,34.0,0.0,2.19,2
40132406,0.0,0.0,40.0,40.0,40.0,40,40.0,40.0,0.0,2.4,2
40132414,0.0,0.0,38.0,33.0,25.0,38,0.0,0.0,0.1,1.4400000000000002,2
40132417,0.0,0.0,10.0,35.0,40.0,40,40.0,40.0,0.0,2.05,2
40132420,0.0,0.0,40.0,40.0,40.0,40,30.0,40.0,0.5,2.8,2
40122009,40.0,39.0,40.0,40.0,0.0,40,35.0,35.0,1.2,7.69,11
40122010,25.0,34.0,34.0,40.0,40.0,40,28.0,35.0,5.9,15.06,11
40122015,0.0,39.0,40.0,40.0,0.0,40,35.0,0.0,5.3,13.64,11
40122019,37.0,39.0,40.0,40.0,40.0,40,35.0,35.0,3.1,14.36,11
40122020,35.0,40.0,40.0,40.0,40.0,40,20.0,40.0,5.9,14.65,11
40122025,25.0,39.0,40.0,40.0,40.0,40,33.0,22.0,5.2,9.89,11
40122027,40.0,34.0,40.0,40.0,40.0,40,35.0,40.0,6.8,10.39,11
40122033,38.0,39.0,0.0,37.0,40.0,40,35.0,40.0,6.1,12.59,11
40122034,40.0,34.0,40.0,40.0,40.0,40,35.0,35.0,4.8,13.34,11
40122035,40.0,20.0,40.0,40.0,35.0,40,35.0,38.0,6.8,18.18,11
40122036,40.0,0.0,40.0,40.0,40.0,0,35.0,0.0,3.1,7.15,11
40123010,25.0,34.0,40.0,40.0,40.0,40,26.0,40.0,5.4,13.05,11
40123011,35.0,34.0,40.0,38.0,40.0,40,35.0,40.0,6.8,18.22,11
40123012,35.0,30.0,40.0,38.0,40.0,40,40.0,40.0,6.9,18.73,11
40123013,40.0,39.0,40.0,40.0,40.0,40,40.0,40.0,6.2,18.09,11
40123014,40.0,39.0,40.0,40.0,40.0,40,35.0,40.0,7.0,18.240000000000002,11
40123015,37.0,29.0,38.0,40.0,40.0,40,0.0,40.0,6.5,12.04,11
40123016,0.0,32.0,0.0,40.0,40.0,40,35.0,16.0,4.3,9.73,11
40123017,35.0,39.0,40.0,40.0,40.0,40,35.0,40.0,5.4,17.39,11
40123028,40.0,39.0,40.0,40.0,40.0,40,40.0,40.0,5.9,17.39,11
40123029,22.0,24.0,40.0,38.0,0.0,40,35.0,38.0,1.4,7.869999999999999,11
40123030,12.0,34.0,40.0,0.0,40.0,40,28.0,0.0,1.7,7.04,11
40123031,35.0,39.0,40.0,40.0,40.0,40,38.0,40.0,6.1,16.72,11
40123032,24.0,33.0,34.0,40.0,40.0,40,35.0,40.0,6.8,18.66,11
40123033,40.0,39.0,40.0,40.0,40.0,40,40.0,40.0,5.9,17.29,11
40123034,18.0,29.0,40.0,40.0,40.0,40,28.0,38.0,3.8,10.93,11
40123035,40.0,39.0,40.0,40.0,40.0,40,40.0,40.0,6.9,18.689999999999998,11
40123417,35.0,37.0,40.0,40.0,40.0,40,35.0,40.0,5.8,14.169999999999998,11
40123426,38.0,39.0,40.0,40.0,40.0,40,40.0,35.0,3.7,14.82,11
40123427,15.0,40.0,40.0,40.0,40.0,40,31.0,35.0,1.8,8.71,11
40123428,40.0,34.0,40.0,37.0,40.0,40,30.0,0.0,5.9,16.11,11
40125006,40.0,39.0,40.0,40.0,40.0,40,28.0,40.0,7.0,13.87,11
40125007,0.0,37.0,40.0,40.0,40.0,40,35.0,40.0,4.1,15.620000000000001,11
40125010,40.0,39.0,40.0,40.0,35.0,40,40.0,40.0,7.0,19.14,11
40125017,40.0,24.0,40.0,35.0,40.0,0,35.0,37.0,6.1,13.01,11
40125019,35.0,32.0,40.0,40.0,40.0,40,33.0,40.0,7.0,17.2,11
40125028,35.0,34.0,40.0,40.0,40.0,40,40.0,40.0,6.9,16.39,11
40125043,40.0,25.0,40.0,40.0,40.0,40,35.0,40.0,6.6,15.799999999999999,11
40125045,40.0,35.0,40.0,40.0,40.0,40,35.0,37.0,6.9,17.37,11
40125404,25.0,38.0,40.0,40.0,40.0,40,40.0,40.0,5.6,13.53,11
40125408,40.0,38.0,32.0,0.0,30.0,40,0.0,0.0,1.9,3.7,11
40125409,25.0,39.0,40.0,40.0,40.0,40,40.0,40.0,3.3,12.29,11
40125411,14.0,37.0,40.0,40.0,0.0,40,35.0,40.0,0.5,2.96,11
40126408,28.0,39.0,0.0,0.0,0.0,0,30.0,0.0,2.4,5.369999999999999,11
40126412,40.0,40.0,40.0,0.0,40.0,40,31.0,15.0,0.0,6.359999999999999,11
40130022,0.0,38.0,40.0,37.0,0.0,40,0.0,22.0,3.8,6.07,11
40130023,35.0,36.0,40.0,40.0,40.0,40,33.0,40.0,0.0,8.34,11
40130029,40.0,39.0,0.0,35.0,20.0,40,35.0,40.0,5.8,10.49,11
40130031,0.0,34.0,40.0,40.0,35.0,40,35.0,40.0,2.3,6.64,11
40130036,40.0,34.0,40.0,40.0,40.0,40,33.0,40.0,1.1,4.869999999999999,11
40130037,0.0,39.0,40.0,0.0,40.0,0,0.0,35.0,0.0,2.04,11
40130038,0.0,29.0,40.0,40.0,40.0,40,35.0,40.0,0.7,5.24,11
40130403,0.0,39.0,40.0,40.0,40.0,40,38.0,40.0,3.1,11.17,11
40130406,35.0,39.0,40.0,40.0,0.0,40,40.0,40.0,4.9,13.94,11
40130407,40.0,0.0,36.0,40.0,40.0,40,35.0,40.0,1.8,5.71,11
40130408,35.0,39.0,40.0,40.0,40.0,40,28.0,40.0,2.6,7.42,11
40131402,0.0,0.0,0.0,0.0,0.0,0,0.0,0.0,3.1,3.1,11
40131403,23.0,33.0,40.0,0.0,40.0,40,35.0,22.0,4.3,9.530000000000001,11
40131405,40.0,39.0,40.0,37.0,40.0,40,35.0,40.0,3.9,14.51,11
40033108,0.0,0.0,0.0,0.0,0.0,0,0.0,0.0,0.0,0.2,0
40111427,15.0,33.0,35.0,32.0,35.0,0,35.0,22.0,0.9,4.67,0
40124401,15.0,40.0,40.0,40.0,40.0,40,30.0,35.0,3.0,11.8,0
40124409,15.0,40.0,40.0,38.0,40.0,40,30.0,36.0,1.6,5.99,0
40124410,15.0,40.0,40.0,37.0,40.0,40,30.0,25.0,3.6,6.87,0
40124414,37.0,40.0,40.0,40.0,40.0,40,35.0,40.0,5.3,13.920000000000002,0
40124415,30.0,39.0,40.0,40.0,40.0,40,35.0,40.0,6.1,17.64,0
40124416,40.0,37.0,40.0,30.0,40.0,40,29.0,37.0,2.3,7.13,0
40124417,18.0,36.0,40.0,40.0,40.0,40,30.0,35.0,1.3,8.09,0
40125425,20.0,0.0,0.0,27.0,40.0,40,0.0,40.0,0.6,2.4699999999999998,0
40125426,30.0,37.0,40.0,40.0,40.0,40,31.0,40.0,2.0,7.38,0
40126001,40.0,37.0,40.0,0.0,40.0,40,40.0,40.0,2.4,7.17,0
40126002,40.0,34.0,40.0,38.0,40.0,40,40.0,40.0,6.2,17.62,0
40126004,40.0,39.0,40.0,40.0,40.0,40,40.0,40.0,6.3,18.39,0
40126005,17.0,33.0,0.0,40.0,40.0,0,38.0,40.0,5.1,12.68,0
40126006,23.0,15.0,38.0,30.0,40.0,40,35.0,40.0,0.0,3.41,0
40126007,37.0,39.0,40.0,40.0,40.0,40,34.0,40.0,4.1,13.1,0
40126008,23.0,39.0,40.0,40.0,30.0,40,35.0,22.0,3.4,10.49,0
40126009,32.0,20.0,25.0,0.0,0.0,0,0.0,25.0,4.1,9.52,0
40126010,25.0,37.0,40.0,40.0,40.0,40,34.0,40.0,4.9,15.459999999999999,0
40126011,25.0,40.0,35.0,40.0,20.0,40,38.0,40.0,6.8,17.28,0
40126012,32.0,29.0,35.0,40.0,40.0,40,0.0,0.0,3.3,11.16,0
40126014,40.0,39.0,40.0,40.0,20.0,40,35.0,40.0,3.5,9.94,0
40126016,25.0,39.0,40.0,36.0,40.0,40,40.0,40.0,5.6,13.799999999999999,0
40126017,28.0,39.0,40.0,0.0,20.0,40,35.0,40.0,2.2,7.12,0
40126414,40.0,39.0,40.0,40.0,40.0,0,40.0,40.0,3.5,13.190000000000001,0
40129049,0.0,0.0,0.0,0.0,0.0,0,0.0,0.0,0.0,0.0,0
40129401,35.0,39.0,35.0,40.0,25.0,40,38.0,40.0,1.0,7.62,0
40129402,28.0,39.0,40.0,40.0,35.0,40,35.0,22.0,2.2,9.190000000000001,0
40129406,35.0,37.0,40.0,40.0,40.0,40,40.0,24.0,5.4,16.060000000000002,0
40129408,15.0,0.0,40.0,0.0,35.0,0,0.0,0.0,0.0,2.6,0
40129409,0.0,0.0,0.0,0.0,0.0,0,0.0,0.0,0.0,0.0,0
40129418,0.0,0.0,40.0,40.0,40.0,40,28.0,0.0,0.0,5.08,0
40129420,35.0,39.0,40.0,40.0,35.0,40,40.0,0.0,4.3,10.690000000000001,0
40132020,40.0,39.0,40.0,40.0,40.0,40,39.0,40.0,6.2,17.28,0
40132036,37.0,38.0,0.0,35.0,30.0,40,34.0,37.0,5.2,13.509999999999998,0
40132042,38.0,40.0,40.0,37.0,20.0,40,40.0,40.0,2.7,8.05,0
40132046,37.0,32.0,0.0,37.0,40.0,40,40.0,40.0,0.0,4.0600000000000005,0
40132049,0.0,0.0,0.0,35.0,40.0,0,34.0,0.0,0.0,1.59,0
40132050,0.0,0.0,0.0,0.0,0.0,0,0.0,0.0,0.5,0.6,0
40132052,35.0,34.0,0.0,38.0,0.0,40,40.0,40.0,2.2,5.2700000000000005,0
40139001,35.0,32.0,38.0,40.0,35.0,40,40.0,40.0,0.2,3.7,0
40139002,0.0,0.0,0.0,0.0,0.0,0,0.0,0.0,0.3,0.3,0
40139003,40.0,28.0,40.0,40.0,20.0,40,28.0,35.0,4.8,14.21,0
40139004,0.0,10.0,40.0,37.0,40.0,40,37.0,0.0,2.7,9.24,0
40139005,27.0,30.0,38.0,40.0,40.0,40,40.0,40.0,3.9,14.750000000000002,0
40139009,40.0,37.0,40.0,0.0,40.0,40,26.0,40.0,2.7,10.93,0
40139011,35.0,34.0,40.0,38.0,40.0,40,33.0,28.0,6.8,16.18,0
40139013,20.0,32.0,30.0,36.0,20.0,40,0.0,36.0,2.7,9.14,0
40139020,35.0,37.0,40.0,40.0,40.0,40,35.0,38.0,0.0,7.05,0
40139029,35.0,37.0,0.0,40.0,40.0,40,35.0,40.0,0.9,7.87,0
40139033,40.0,37.0,40.0,40.0,40.0,40,35.0,40.0,2.9,11.72,0
40139034,0.0,0.0,0.0,40.0,40.0,40,15.0,0.0,0.2,4.45,0
40139037,13.0,20.0,40.0,40.0,40.0,40,28.0,36.0,0.0,2.8699999999999997,0
40139038,0.0,32.0,40.0,40.0,40.0,40,28.0,40.0,1.1,4.2,0
40139039,30.0,39.0,40.0,40.0,40.0,40,35.0,0.0,5.4,16.740000000000002,0
40139040,2.0,0.0,0.0,38.0,40.0,40,0.0,17.0,5.3,12.27,0
40139041,0.0,0.0,36.0,40.0,40.0,40,28.0,0.0,1.7,8.139999999999999,0
40139042,35.0,10.0,40.0,40.0,40.0,40,35.0,22.0,2.5,10.620000000000001,0
40139045,37.0,39.0,40.0,40.0,40.0,40,35.0,40.0,4.5,13.11,0
40139046,0.0,29.0,40.0,40.0,40.0,40,35.0,40.0,3.5,8.24,0
40139047,25.0,34.0,0.0,40.0,40.0,40,28.0,35.0,5.6,14.319999999999999,0
40139401,12.0,34.0,40.0,38.0,35.0,40,35.0,40.0,3.9,12.840000000000002,0
40139404,18.0,0.0,0.0,0.0,0.0,40,33.0,28.0,1.9,4.890000000000001,0
40122001,34.0,40.0,38.0,34.0,35.0,40,35.0,37.0,2.8,7.2299999999999995,12
40122002,40.0,39.0,39.0,40.0,40.0,40,29.0,37.0,3.4,12.840000000000002,12
40122003,40.0,40.0,0.0,40.0,35.0,40,29.0,35.0,2.9,9.79,12
40122004,40.0,39.0,39.0,40.0,40.0,40,29.0,37.0,2.5,12.440000000000001,12
40122005,30.0,37.0,38.0,36.0,35.0,40,29.0,37.0,6.1,16.72,12
40122006,34.0,39.0,36.0,40.0,40.0,40,34.0,20.0,4.8,12.129999999999999,12
40122007,0.0,0.0,0.0,0.0,35.0,40,0.0,20.0,0.0,0.95,12
40125427,20.0,24.0,0.0,30.0,0.0,40,0.0,0.0,0.0,1.3399999999999999,12
40127001,35.0,39.0,38.0,40.0,35.0,40,40.0,40.0,4.0,15.57,12
40127003,35.0,38.0,36.0,40.0,0.0,40,0.0,0.0,0.0,1.89,12
40127004,0.0,19.0,38.0,35.0,40.0,40,30.0,40.0,0.2,2.62,12
40127016,40.0,30.0,36.0,36.0,40.0,40,30.0,40.0,1.0,4.12,12
40127017,38.0,0.0,38.0,40.0,35.0,40,30.0,40.0,0.0,3.71,12
40127020,28.0,40.0,38.0,36.0,33.0,40,30.0,37.0,0.0,3.17,12
40127021,39.0,38.0,34.0,40.0,35.0,40,38.0,40.0,3.0,13.34,12
40127022,20.0,40.0,38.0,0.0,35.0,40,30.0,40.0,1.85,6.58,12
40127023,20.0,38.0,0.0,40.0,0.0,40,40.0,0.0,0.2,1.98,12
40127024,27.0,0.0,40.0,0.0,35.0,40,37.0,0.0,3.2,8.29,12
40127026,40.0,40.0,39.0,36.0,35.0,40,35.0,40.0,1.0,6.949999999999999,12
40127027,17.0,38.0,37.0,40.0,35.0,40,37.0,40.0,1.5,4.84,12
40127028,32.0,40.0,38.0,40.0,35.0,40,22.0,40.0,1.3,4.47,12
40127029,39.0,0.0,39.0,0.0,35.0,40,34.0,40.0,2.1,8.57,12
40127030,35.0,20.0,38.0,30.0,40.0,40,30.0,30.0,0.4,3.23,12
40127031,40.0,39.0,35.0,36.0,35.0,40,30.0,40.0,4.4,8.05,12
40127041,35.0,39.0,32.0,35.0,35.0,40,37.0,40.0,3.2,7.73,12
40127042,0.0,0.0,0.0,40.0,40.0,40,29.0,0.0,0.3,1.79,12
40127046,0.0,0.0,0.0,0.0,0.0,40,0.0,0.0,0.0,0.4,12
40127047,0.0,23.0,0.0,33.0,37.5,40,30.0,32.0,4.1,11.254999999999999,12
40129005,39.0,40.0,38.0,40.0,40.0,40,29.0,30.0,6.5,14.36,12
40129006,40.0,37.0,40.0,40.0,40.0,40,40.0,40.0,6.0,14.469999999999999,12
40129008,37.0,36.0,0.0,0.0,40.0,40,39.0,0.0,1.9,6.02,12
40129015,35.0,35.0,40.0,40.0,35.0,40,30.0,15.0,5.1,13.0,12
40129018,30.0,12.0,38.0,40.0,37.5,40,35.0,40.0,3.0,13.625,12
40129019,37.0,38.0,0.0,40.0,35.0,40,40.0,0.0,4.1,12.0,12
40129024,40.0,39.0,38.0,40.0,40.0,40,25.0,32.0,7.0,17.439999999999998,12
40129026,39.0,39.0,0.0,40.0,35.0,40,29.0,40.0,5.3,10.120000000000001,12
40129029,40.0,29.0,38.0,40.0,40.0,40,40.0,35.0,6.8,17.22,12
40129031,23.0,40.0,39.0,36.0,35.0,40,40.0,0.0,3.9,13.03,12
40129032,0.0,28.0,0.0,40.0,0.0,40,40.0,32.0,5.3,13.2,12
40129033,38.0,28.0,39.0,40.0,38.0,40,40.0,40.0,4.9,16.33,12
40129034,40.0,39.0,0.0,0.0,40.0,40,25.0,0.0,6.8,17.64,12
40129035,39.0,36.0,0.0,36.0,30.0,40,40.0,0.0,2.1,5.8100000000000005,12
40129036,39.0,38.0,38.0,40.0,40.0,40,35.0,40.0,4.7,14.899999999999999,12
40129038,40.0,0.0,24.0,40.0,40.0,40,15.0,20.0,3.7,9.29,12
40129039,32.0,5.0,37.0,0.0,35.0,40,35.0,40.0,3.3,9.84,12
40129042,0.0,39.0,38.0,40.0,40.0,40,35.0,37.0,5.5,15.89,12
40130017,0.0,17.0,40.0,0.0,30.0,40,34.0,30.0,1.3,5.71,12
40130021,30.0,37.0,38.0,40.0,0.0,40,40.0,25.0,4.8,15.0,12
40130025,12.0,24.0,38.0,26.0,0.0,40,37.0,30.0,4.0,13.17,12
40130034,35.0,36.0,37.0,40.0,40.0,40,34.0,40.0,3.4,10.620000000000001,12
40130039,40.0,38.0,38.0,40.0,40.0,40,30.0,40.0,3.7,8.760000000000002,12
40130040,0.0,0.0,0.0,40.0,40.0,40,38.0,40.0,2.2,9.080000000000002,12
40130411,0.0,37.0,34.0,0.0,0.0,40,30.0,0.0,0.0,1.41,12
40130414,40.0,19.0,0.0,0.0,40.0,40,10.0,0.0,2.4,6.1899999999999995,12
40130415,0.0,0.0,0.0,30.0,20.0,40,37.0,40.0,0.0,8.27,12
40130417,0.0,38.0,28.0,0.0,0.0,40,0.0,0.0,0.0,1.36,12
40130419,40.0,37.0,37.0,40.0,35.0,40,40.0,15.0,2.7,8.14,12
40130420,35.0,30.0,39.0,40.0,40.0,40,30.0,40.0,0.6,6.4399999999999995,12
40132008,35.0,35.0,40.0,36.0,25.0,40,20.0,35.0,5.9,13.56,12
40132023,40.0,40.0,38.0,30.0,35.0,40,40.0,40.0,6.9,16.43,12
40132026,39.0,18.0,22.0,40.0,30.0,40,30.0,40.0,3.5,9.39,12
40111001,35.0,34.0,20.0,25.0,40.0,40,15.0,40.0,6.2,17.69,11
40111002,0.0,37.0,40.0,36.0,40.0,40,40.0,40.0,3.8,13.530000000000001,11
40111006,35.0,39.0,40.0,25.0,40.0,40,28.0,40.0,4.4,12.97,11
40111007,40.0,39.0,40.0,40.0,40.0,40,40.0,40.0,6.8,18.99,11
40111009,29.0,32.0,40.0,40.0,20.0,40,37.0,40.0,3.7,14.379999999999999,11
40111011,0.0,33.0,0.0,33.0,40.0,40,0.0,40.0,4.6,12.46,11
40111015,0.0,39.0,40.0,40.0,35.0,40,28.0,40.0,6.1,13.82,11
40111017,0.0,36.0,40.0,40.0,40.0,0,0.0,0.0,5.5,7.0600000000000005,11
40111018,0.0,32.0,40.0,40.0,0.0,40,40.0,0.0,0.4,5.92,11
40111019,0.0,0.0,0.0,0.0,0.0,0,0.0,0.0,4.7,4.7,11
40111048,30.0,38.0,38.0,40.0,40.0,40,38.0,40.0,4.2,8.04,11
40111049,40.0,0.0,0.0,0.0,0.0,0,0.0,0.0,0.0,0.4,11
40111050,23.0,30.0,40.0,40.0,40.0,40,25.0,40.0,6.8,18.38,11
40111051,0.0,32.0,40.0,40.0,40.0,40,35.0,40.0,3.8,13.170000000000002,11
40111052,0.0,39.0,40.0,0.0,40.0,0,0.0,0.0,6.9,16.89,11
40111053,35.0,39.0,38.0,35.0,40.0,40,35.0,40.0,3.0,9.72,11
40111054,40.0,36.0,25.0,33.0,40.0,40,35.0,40.0,5.0,13.49,11
40111055,38.0,28.0,40.0,40.0,0.0,0,28.0,8.0,0.9,2.72,11
40111058,40.0,32.0,38.0,36.0,40.0,40,39.0,40.0,3.4,9.95,11
40111059,22.0,40.0,36.0,40.0,40.0,40,33.0,40.0,3.2,9.91,11
40111060,38.0,30.0,38.0,0.0,40.0,40,23.0,35.0,6.2,16.54,11
40111061,35.0,39.0,40.0,40.0,40.0,40,35.0,40.0,5.4,15.09,11
40111062,0.0,32.0,30.0,0.0,40.0,40,28.0,40.0,5.4,12.9,11
40111063,25.0,36.0,40.0,40.0,40.0,40,31.0,0.0,0.0,3.62,11
40111064,0.0,0.0,38.0,40.0,40.0,40,39.0,40.0,5.4,13.87,11
40111065,34.0,32.0,0.0,40.0,40.0,0,28.0,0.0,7.0,15.14,11
40111066,0.0,32.0,38.0,20.0,0.0,0,28.0,40.0,2.9,4.48,11
40111067,0.0,38.0,40.0,40.0,40.0,40,35.0,40.0,1.1,9.93,11
40111068,0.0,32.0,40.0,40.0,0.0,40,0.0,0.0,6.8,16.22,11
40111069,0.0,36.0,38.0,40.0,40.0,40,34.0,40.0,3.9,8.38,11
40111070,40.0,39.0,40.0,40.0,40.0,40,35.0,40.0,3.7,10.34,11
40111071,37.0,22.0,0.0,38.0,0.0,40,15.0,0.0,6.1,12.719999999999999,11
40111072,32.0,0.0,40.0,38.0,40.0,40,39.0,20.0,6.4,13.790000000000001,11
40111073,40.0,38.0,0.0,40.0,40.0,40,35.0,35.0,5.3,10.68,11
40111074,35.0,31.0,40.0,40.0,40.0,40,28.0,40.0,3.7,9.34,11
40111075,35.0,40.0,40.0,40.0,40.0,40,35.0,40.0,6.8,14.7,11
40111076,20.0,39.0,40.0,40.0,40.0,40,33.0,40.0,3.7,9.92,11
40111077,40.0,39.0,40.0,40.0,40.0,40,35.0,40.0,5.7,14.34,11
40111078,0.0,39.0,0.0,20.0,0.0,40,28.0,40.0,5.5,12.57,11
40111411,40.0,38.0,40.0,40.0,40.0,40,25.0,27.0,3.0,10.4,11
40111414,0.0,0.0,40.0,40.0,40.0,40,38.0,40.0,3.0,5.88,11
40111415,20.0,5.0,40.0,0.0,35.0,40,35.0,30.0,1.2,6.75,11
40111417,23.0,0.0,0.0,40.0,0.0,40,15.0,30.0,3.1,7.48,11
40111418,0.0,39.0,40.0,40.0,0.0,40,15.0,40.0,0.0,6.04,11
40111419,0.0,0.0,38.0,37.0,40.0,40,28.0,0.0,4.0,9.030000000000001,11
40111420,35.0,30.0,20.0,40.0,40.0,40,0.0,0.0,5.8,14.95,11
40111421,0.0,0.0,0.0,0.0,40.0,40,25.0,0.0,0.0,1.4,11
40111422,0.0,39.0,40.0,40.0,40.0,40,35.0,40.0,6.8,14.84,11
40111423,0.0,0.0,0.0,0.0,0.0,0,28.0,0.0,0.0,0.5800000000000001,11
40111424,40.0,15.0,40.0,0.0,20.0,40,18.0,0.0,3.6,9.23,11
40111426,0.0,0.0,0.0,0.0,0.0,40,0.0,0.0,3.9,6.8,11
40123001,23.0,35.0,40.0,40.0,40.0,40,35.0,35.0,6.4,17.08,11
40123002,35.0,36.0,40.0,39.0,40.0,40,28.0,40.0,6.2,17.48,11
40126081,13.0,23.0,30.0,0.0,0.0,40,0.0,0.0,6.3,10.36,11
40126082,40.0,39.0,38.0,36.0,0.0,0,30.0,26.0,5.6,13.99,11
40126083,20.0,34.0,0.0,0.0,0.0,0,0.0,0.0,6.4,14.34,11
40126084,36.0,30.0,40.0,40.0,40.0,40,35.0,40.0,6.8,17.31,11
40126085,35.0,28.0,38.0,0.0,40.0,40,26.0,40.0,4.2,9.170000000000002,11
40126086,35.0,33.0,38.0,40.0,40.0,0,25.0,0.0,6.4,12.41,11
40129044,37.0,34.0,40.0,40.0,40.0,40,35.0,35.0,6.8,18.11,11
40129045,0.0,36.0,40.0,36.0,40.0,40,35.0,24.0,3.6,11.11,11
40129046,40.0,29.0,40.0,36.0,0.0,40,0.0,0.0,6.2,13.45,11
40132001,0.0,0.0,0.0,0.0,0.0,0,0.0,0.0,0.0,0.0,11
40132003,40.0,35.0,40.0,38.0,40.0,40,35.0,40.0,6.7,16.88,11
40132007,40.0,35.0,30.0,36.0,40.0,40,40.0,40.0,5.2,13.41,11
40132010,40.0,34.0,30.0,40.0,40.0,40,40.0,0.0,6.0,14.44,11
40132012,0.0,40.0,40.0,36.0,35.0,0,35.0,22.0,3.9,9.48,11
40132013,25.0,20.0,20.0,37.0,40.0,40,40.0,0.0,0.0,8.52,11
40132021,40.0,34.0,40.0,40.0,40.0,40,40.0,40.0,5.6,17.34,11
40132033,0.0,0.0,40.0,38.0,35.0,40,40.0,0.0,2.3,10.03,11
40132048,37.0,39.0,38.0,38.0,35.0,40,40.0,40.0,0.0,11.57,11
